:020000040800F2
:1000000000000220FD5600089D570008A557000873
:10001000AD570008B5570008BD57000800000000A4
:1000200000000000000000000000000091430008F4
:100030009557000800000000E14500084D05000844
:1000400095570008955700089557000895570008E0
:1000500095570008955700089557000895570008D0
:1000600095570008955700089557000895570008C0
:1000700095570008955700089557000895570008B0
:1000800095570008955700089557000895570008A0
:100090009557000895570008955700089557000890
:1000A0009557000895570008955700089557000880
:1000B000B90C000895570008955700089557000897
:1000C0009557000895570008955700089557000860
:1000D00095570008750F00089557000895570008B8
:1000E0009557000895570008955700089557000840
:1000F0009557000895570008955700089557000830
:10010000955700089557000895570008955700081F
:10011000955700089557000895570008CD0C000822
:100120009557000895570008890F00089557000853
:1001300095570008955700089557000895570008EF
:1001400095570008955700089557000895570008DF
:1001500095570008955700089D0F0008955700080F
:1001600095570008955700089557000895570008BF
:1001700095570008955700089557000800000000A3
:1001800095570008955700080348044B834202D056
:10019000034B03B1184770472404002024040020B7
:1001A000000000000548064B1B1AD90F01EBA30104
:1001B000491002D0034B03B11847704724040020B4
:1001C000240400200000000010B5064C237843B939
:1001D000FFF7DAFF044B13B10448AFF300800123AB
:1001E000237010BD24040020000000008CAF000824
:1001F00008B5054B1BB105490548AFF30080BDE8C4
:100200000840FFF7CFBF00BF000000002804002017
:100210008CAF0008A3F5803A704700BF174B002B46
:1002200008BF134B9D46FFF7F5FF00218B460F4695
:100230001348144A121A09F04FF80E4B002B00D045
:1002400098470D4B002B00D0984700200021040058
:100250000D000D48002802D00C48AFF3008009F0D3
:10026000A5F82000290000F0F5F808F097FD00BF80
:1002700000000800E5560008F156000800000220C2
:100280002404002038370120000000000000000096
:1002900080B582B000AF78607B68022B0DD07B68A0
:1002A000022B0CDC7B68002B03D07B68012B02D077
:1002B00005E000230AE0002308E0002306E009F03F
:1002C0006FF8034658221A604FF0FF33184608377C
:1002D000BD4680BD80B584B000AFF860B9607A607B
:1002E000FB68022B0ED0FB68022B0EDCFB68002B98
:1002F00003D0FB68012B02D007E000230CE04FF095
:10030000FF3309E04FF0FF3306E009F049F80346F8
:1003100058221A604FF0FF3318461037BD4680BD93
:1003200080B483B000AF78607B68022B0DD07B680F
:10033000022B0CDC7B68002B03D07B68012B02D0E6
:1003400005E0012304E0012302E0012300E0002393
:1003500018460C37BD4680BC704780B584B000AFEE
:10036000F860B9607A60FB68022B0FD0FB68022B43
:100370000FDCFB68002B03D0FB68012B03D008E0E7
:100380004FF0FF330CE04FF0FF3309E04FF0FF3345
:1003900006E009F005F8034658221A604FF0FF33D3
:1003A00018461037BD4680BD80B582B000AF78607A
:1003B00039607B68022B15D07B68022B18DC7B68C8
:1003C000002B03D07B68012B06D011E03B684FF473
:1003D00000525A60002312E03B684FF400525A600A
:1003E00000230CE03B684FF400525A60002306E003
:1003F00008F0D6FF034658221A604FF0FF33184624
:100400000837BD4680BD80B483B000AF786000BFC0
:10041000FDE7000080B485B000AF786039600B4B19
:100420001B68002B02D1094B094A1A60074B1B6855
:10043000FB60064B1A683B681344044A1360FB6870
:1004400018461437BD4680BC704700BF40040020EA
:100450003837012080B500AF08F082FA00F00CF8C0
:1004600000F0E4F900F016FC00F07CFC00F0A2FCC7
:1004700000F08AF8FCE7000080B594B000AF07F107
:10048000200330220021184608F026FF07F10C0354
:1004900000221A605A609A60DA601A610023BB6019
:1004A000284B1B6C274A43F080531364254B1B6C6D
:1004B00003F08053BB60BB6800237B60224B1B684A
:1004C000214A43F4804313601F4B1B6803F48043AD
:1004D0007B607B6801233B624FF480337B620223A5
:1004E000BB634FF48003FB6304233B64A8237B645A
:1004F0000223BB640723FB6407F12003184606F0C0
:1005000041F80346002B01D000F02DF80F23FB60CB
:1005100002233B6100237B614FF4A053BB614FF486
:100520008053FB6107F10C030521184606F0A2FA7F
:100530000346002B01D000F016F800BF5037BD462F
:1005400080BD00BF003802400070004080B500AFA1
:1005500008F05EFA03F00CF90346012B01D004F019
:1005600073F800BF80BD80B400AF72B600BF00BF9B
:10057000FDE780B582B000AF786039604FF47A70E3
:1005800002F0CCF9FAE7000080B582B002AF1A4B56
:100590000093012300224FF4FA71184803F0D6FBB0
:1005A0000346174A1360164B1B68002B02D01548F0
:1005B00008F032FD144B0093022301224FF47A71AC
:1005C000124803F0C3FB0346114A1360104B1B682B
:1005D000002B02D00F4808F01FFD0F4B01930123A1
:1005E0000093002382220D490D4801F0A8FF02F07C
:1005F00015FA00BFBD4680BDCD0700081CAB000842
:100600005404002024AB0008FD07000840AB00089C
:100610005804002048AB00084404002064AB0008E4
:100620002506000880B584B002AF786003F07CFF37
:10063000154B01930423009300234FF48062134968
:10064000134801F07CFF134B019303230093002315
:100650004FF400721049114801F071FF104B0193E3
:100660000223009300234FF400720E490E4801F05C
:1006700066FF0E4B1B68184602F0ACF803F084FFCF
:1006800000BF0837BD4680BD4804002070AB00089D
:10069000B10600084C04002078AB00084D070008A4
:1006A0005004002080AB00086107000844040020CB
:1006B00080B58AB000AF7860204804F06BFC204918
:1006C000204804F073FC0346002B04D04FF47A70EA
:1006D00002F024F9F3E700BF00220121022004F018
:1006E00073FC786202237B734FF4A043FB817B7B16
:1006F000184607F10C0304331A46134904F010FCA2
:1007000038623B6A002B14DD07F10C030833082222
:100710000021184608F0E0FD07F10C0310221946ED
:10072000786A04F061FCF8614FF4FA7002F0F6F8B0
:10073000FAE700BF2837BD4680BD00BF88AB000880
:1007400094AB0008A0AB0008A8AB000880B582B04D
:1007500000AF78604FF4FA7002F0E0F8FAE70000BA
:1007600080B584B000AF78600023FB7322E0FB7B90
:100770000821184600F09CF80346002B07D0FB7BAD
:10078000002B04D1FB7B19460E4808F0DDFBFB7BF8
:100790001021184600F08CF80346002B07D0FB7B95
:1007A000002B04D1FB7B1946074808F0CDFBFB7BEF
:1007B0000133FB73FB7B002BD9D04FF4FA7002F0AE
:1007C000ADF8D1E7BCAB0008D0AB000880B582B073
:1007D00000AF7860074B1B8801339AB2054B1A8033
:1007E000044B1B881946044808F0AEFB00BF0837CD
:1007F000BD4680BD5C040020E4AB000880B582B03B
:1008000000AF7860074B1B8801339AB2054B1A8002
:10081000044B1B881946044808F096FB00BF0837B4
:10082000BD4680BD5E0400200CAC000880B586B0DB
:1008300000AF00233B600F4B1B6B0E4A43F00103DC
:1008400013630C4B1B6B03F001033B603B680023FD
:10085000BB600123FB604FF400437B6002233B61DC
:100860003B1D1946044805F0DBFC00BF1837BD46A8
:1008700080BD00BF003802400000024080B582B059
:1008800000AF0346FB71FB79002B09D14FF4004107
:10089000064805F05FFE0346002B01D1012300E06E
:1008A000002318460837BD4680BD00BF0000024047
:1008B00080B483B000AF03460A46FB711346BB7198
:1008C000FB79104AD25CBB791340DBB2002B12D00B
:1008D000BB79012B0DD0FB790A4AD35C5AB297F948
:1008E0000630DB435BB213405AB2FB79D1B2054A02
:1008F000D154012300E0002318460C37BD4680BCCC
:10090000704700BF6004002090B583B000AF0023A3
:10091000FB7111E0FB79974A32F81330002B08D0B5
:10092000FB79944A32F81320013A91B2914A22F8A5
:100930001310FB790133FB71FB79002BEAD08E4B4E
:100940001B780133DAB28C4B1A708B4B1B78132B4C
:1009500040F20C81884B00221A700023BB7101E128
:10096000BA79BB798549895C854AD154BC79BB7910
:100970001846FFF783FF03461A46804B1A55BB798A
:100980007E4AD35C012B09D1BB797E4AD25CBB790C
:1009900042F00102D1B27B4AD15408E0BB79794AD6
:1009A000D25CBB7922F00102D1B2764AD154BB7934
:1009B000724AD35C012B0DD1BB79714AD35C002BF9
:1009C00008D1BB796F4AD25CBB7942F00202D1B246
:1009D0006C4AD154BB79694AD35C002B0DD1BB79E9
:1009E000674AD35C012B08D1BB79664AD25CBB79DC
:1009F00042F00402D1B2634AD154BB79624AD35C5B
:100A0000042B7BD0042B00F39C80032B6CD0032B96
:100A100000F39780022B40D0022B00F39280002B32
:100A200002D0012B11D08CE0BB79544AD35C012B4E
:100A300040F08C80BB794F4A4FF47A7122F8131042
:100A4000BB79514A0121D15480E0BB794B4AD35C38
:100A5000002B09D1BB79474AC82122F81310BB7972
:100A6000494A0221D15473E0BB79424A32F813302B
:100A7000002B6DD1BB793F4A642122F81310BB795A
:100A8000404AD25CBB7942F02002D1B23D4AD154F7
:100A9000BB793D4A0421D1545AE0BB79374AD35C33
:100AA000012B0DD1BB79374AD25CBB7942F01002E1
:100AB000D1B2344AD154BB79334A0321D15449E0ED
:100AC000BB792C4A32F81330002B43D1BB792D4A25
:100AD000D25CBB7942F00802D1B22A4AD154BB7928
:100AE000294A0021D15435E0BB79244AD35C002B3C
:100AF00032D1BB79244A0021D1542DE0BB791F4A61
:100B0000D35C002B04D1BB791F4A0021D15425E0CE
:100B1000BB79184A32F81330002B1FD1BB79154A24
:100B2000642122F81310BB79164AD25CBB7942F0DB
:100B30004002D1B2134AD154BB79134A0421D15493
:100B40000CE0BB79104A0021D15408E000BF06E058
:100B500000BF04E000BF02E000BF00E000BFBB79BF
:100B60000133BB71BB79002B3FF4FAAE00BF0C37E9
:100B7000BD4690BD64040020660400206804002087
:100B80006C040020600400207004002080B582B056
:100B900000AF00237B60194B1B6C184A43F0010324
:100BA0001364164B1B6C03F001037B607B68144BD2
:100BB0004FF080421A60124BA7225A60104B00225D
:100BC0009A600F4B0922DA600D4B00221A610C4B20
:100BD00000229A610A4806F07DF90346002B01D0F5
:100BE000FFF7C1FC002205211C2004F0D8FE1C20C8
:100BF00004F0F1FE00BF0837BD4680BD003802405A
:100C00007404002080B582B000AF00237B60194BD4
:100C10001B6C184A43F020031364164B1B6C03F043
:100C200020037B607B68144B144A1A60124B40F21D
:100C30008F625A60104B00229A600F4B6322DA6079
:100C40000D4B00221A610C4B00229A610A4806F0F3
:100C500041F90346002B01D0FFF785FC0022052156
:100C6000372004F09CFE372004F0B5FE00BF0837A3
:100C7000BD4680BD00380240BC0400200014004086
:100C800080B483B000AF786000BF0C37BD4680BC35
:100C90007047000080B500AFFFF778FFFFF7B2FFA5
:100CA000034806F067F9034806F064F900BF80BD09
:100CB000BC0400207404002080B500AF024806F098
:100CC000C7F900BF80BD00BF7404002080B500AF2D
:100CD000024806F0BDF900BF80BD00BFBC04002083
:100CE00080B582B000AF78607B681B68094A934288
:100CF00001D1FFF709FE7B681B68B3F1804F04D177
:100D0000054B1B680133044A136000BF0837BD461A
:100D100080BD00BF001400400405002080B584B0F1
:100D200000AFF860B9607A60FB68012B02D0FB6805
:100D3000022B09D17B689AB24FF0FF33B96808489B
:100D400006F094FB7B6806E008F02AFB03460922C4
:100D50001A604FF0FF3318461037BD4680BD00BF04
:100D60000805002080B582B000AF00237B60104BE7
:100D70001B6B0F4A43F4800313630D4B1B6B03F48F
:100D800080037B607B68002206213A2004F007FE86
:100D90003A2004F020FE00220621462004F0FFFD48
:100DA000462004F018FE00BF0837BD4680BD00BFD6
:100DB0000038024080B500AF114B124A1A60104B48
:100DC0004FF4E1325A600E4B00229A600C4B002225
:100DD000DA600B4B00221A61094B0C225A61084B56
:100DE00000229A61064B0022DA61054806F0EEFA0D
:100DF0000346002B01D0FFF7B6FB00BF80BD00BF4C
:100E0000080500200010014080B58AB000AF78606E
:100E100007F1140300221A605A609A60DA601A61BE
:100E20007B681B684C4A934240F0918000233B61F1
:100E30004A4B5B6C494A43F010035364474B5B6C6D
:100E400003F010033B613B690023FB60434B1B6BCA
:100E5000424A43F001031363404B1B6B03F0010351
:100E6000FB60FB684FF4C0637B610223BB6100231E
:100E7000FB6103233B6207237B6207F114031946DE
:100E8000374805F0CDF9374B374A1A60354B4FF0EC
:100E900000625A60334B00229A60324B0022DA60C3
:100EA000304B4FF480621A612E4B00225A612D4B59
:100EB00000229A612B4B0022DA612A4B00221A622F
:100EC000284B00225A62274804F0A0FD0346002B5D
:100ED00001D0FFF748FB7B68224ADA63214A7B682E
:100EE0009363224B224A1A60204B4FF000625A60F3
:100EF0001E4B40229A601D4B0022DA601B4B4FF4C0
:100F000080621A61194B00225A61184B00229A61C3
:100F1000164B0022DA61154B00221A62134B002295
:100F20005A62124804F072FD0346002B01D0FFF70D
:100F30001AFB7B680D4A9A630C4A7B689363002214
:100F40000621252004F02BFD252004F044FD00BFE0
:100F50002837BD4680BD00BF001001400038024068
:100F6000000002405005002040640240B00500200F
:100F7000B864024080B500AF024806F0D1FB00BF64
:100F800080BD00BF0805002080B500AF024804F016
:100F9000D5FE00BF80BD00BF5005002080B500AF6A
:100FA000024804F0CBFE00BF80BD00BFB0050020AA
:100FB00080B584B000AF7860094B1B69FB607B682B
:100FC000084A934208D1FB681868FB6810334FF455
:100FD0000072194606F046FB00BF1037BD4680BDC3
:100FE000000000200805002080B584B000AF7860C4
:100FF0000023BB607B680E4A934215D10D4B1B69E1
:10100000FB60FB685B6807F108021146184600F0B8
:101010003EFDBB68002B07D0074B4FF080521A6093
:10102000BFF34F8FBFF36F8F00BF1037BD4680BD3A
:10103000080500200000002004ED00E080B586B027
:1010400000AF78607B689B8D1A467B68DB8D9BB216
:10105000D31A3B610023BB607B681A4A93422CD1B0
:10106000194B1B69FB6000237B610DE0FB68D868AE
:101070007B691033FA68D11807F10802002300F0E9
:1010800039FC7B6901337B617A693B699A42EDDB0C
:10109000FB681868FB6803F110017B689B8D1A469A
:1010A00006F0E0FABB68002B07D0084B4FF08052E7
:1010B0001A60BFF34F8FBFF36F8F00BF1837BD4665
:1010C00080BD00BF080500200000002004ED00E006
:1010D00080B586B000AF78600B467B800023BB6094
:1010E0007B883B617B68234A93423ED1224B1B693C
:1010F000FB60FB68D3F810327B610DE0FB68D868B9
:101100007B691033FA68D11807F10802002300F058
:10111000F1FB7B6901337B617A693B699A42EDDBC4
:10112000FB687A69C3F810227B685B6B022B03D0E3
:101130007B685B6B002B0DD1FB681868FB6803F1C3
:1011400010017B689B8D1A4606F08CFAFB68002222
:10115000C3F81022BB68002B07D0084B4FF0805219
:101160001A60BFF34F8FBFF36F8F00BF1837BD46B4
:1011700080BD00BF080500200000002004ED00E055
:1011800080B586B000AFF860B9607A60FB70FFF799
:1011900011FEFB681B697B61012000F074FA0246B6
:1011A0007B699A6003220021012000F0DDF90246EC
:1011B0007B695A60002201214FF4007000F0D4F9DD
:1011C00002467B69DA607B6918687B6910334FF4EB
:1011D0000072194606F046FA002318461837BD4635
:1011E00080BD80B586B000AFF860B9607A603B60C2
:1011F000FB681B697B617B699B683A6811461846EE
:1012000000F0E0FD0346012B02D04FF0FF3323E056
:101210007B691B687A6892B2B968184606F0B2F921
:101220007B695B683A681146184600F0CBFD0346BF
:10123000012B08D17B69986800230022002100F06F
:101240003BFA002308E07B69986800230022002114
:1012500000F032FA4FF0FF3318461837BD4680BD14
:1012600080B586B000AFF860B9607A60FB681B6932
:101270007B617B69DB687A68B968184600F0C0FC5E
:101280000346012B01D1002301E04FF0FF33184644
:101290001837BD4680BD000080B584B000AF7860CF
:1012A0000023FB7313E0FB7B0D4A52F823301B68CD
:1012B0001946786808F0A1F80346002B04D1FB7B9F
:1012C000074A52F8233006E0FB7B0133FB73FB7BBC
:1012D000002BE8D0002318461037BD4680BD00BF64
:1012E0002802002080B483B000AF78607B6803F1EF
:1012F00008027B685A607B684FF0FF329A607B6817
:1013000003F108027B68DA607B6803F108027B68FE
:101310001A617B6800221A6000BF0C37BD4680BC92
:10132000704780B483B000AF78607B6800221A6198
:1013300000BF0C37BD4680BC704780B485B000AF9D
:10134000786039607B685B68FB603B68FA685A606C
:10135000FB689A683B689A60FB689B683A685A60C9
:10136000FB683A689A603B687A681A617B681B6818
:101370005A1C7B681A6000BF1437BD4680BC70479A
:1013800080B485B000AF786039603B681B68BB6093
:10139000BB68B3F1FF3F03D17B681B69FB600CE0C6
:1013A0007B680833FB6002E0FB685B68FB60FB68FE
:1013B0005B681B68BA689A42F6D2FB685A683B6859
:1013C0005A603B685B683A689A603B68FA689A6062
:1013D000FB683A685A603B687A681A617B681B68E8
:1013E0005A1C7B681A6000BF1437BD4680BC70472A
:1013F00080B485B000AF78607B681B69FB607B6858
:101400005B687A6892689A607B689B687A685268C1
:101410005A60FB685B687A689A4203D17B689A6875
:10142000FB685A607B6800221A61FB681B685A1EC1
:10143000FB681A60FB681B6818461437BD4680BC01
:101440007047000080B586B000AF78603960012336
:101450007B617B683B613B69002B0BD14FF05003F4
:1014600083F31188BFF36F8FBFF34F8FFB6000BF13
:1014700000BFFDE73B69002B5DD03B69DB6B002BB8
:1014800059D03B691A6C3B69DB6B0021A3FB02233B
:10149000002B00D001210B46002B4CD103F044F867
:1014A0003B691A683B69DB6B3969096C01FB03F323
:1014B0001A443B699A603B6900229A633B691A6847
:1014C0003B695A603B691A683B69DB6B013B3969D0
:1014D000096C01FB03F31A443B69DA603B69FF22A4
:1014E00083F844203B69FF2283F845203B68002BAA
:1014F00014D13B691B69002B1AD03B691033184685
:1015000001F0C4FE0346002B12D0164B4FF0805260
:101510001A60BFF34F8FBFF36F8F09E03B69103341
:101520001846FFF7DFFE3B6924331846FFF7DAFE63
:1015300003F02AF801E000237B617B69002B0BD1CB
:101540004FF0500383F31188BFF36F8FBFF34F8FBA
:10155000BB6000BF00BFFDE77B6918461837BD467A
:1015600080BD00BF04ED00E080B58AB002AFF86036
:10157000B9601346FB710023FB61FB68002B2ED082
:101580000021BA68FB68A3FB0223002B00D00121D5
:101590000B46002B23D1FB68BA6802FB03F313F15F
:1015A000550F1CD8FB68BA6802FB03F3BB61BB692B
:1015B0005433184603F0B0F9F861FB69002B1DD0D5
:1015C000FB697B617B6954337B61FA79FB6900932A
:1015D00013467A69B968F86800F015F80EE0FB69FF
:1015E000002B0BD14FF0500383F31188BFF36F8FA3
:1015F000BFF34F8F3B6100BF00BFFDE7FB6918469B
:101600002037BD4680BD80B584B000AFF860B960BA
:101610007A60FB70BB68002B03D1BB69BA691A60A2
:1016200002E0BB697A681A60BB69FA68DA63BB6971
:10163000BA681A640121B869FFF704FFBB69FA7838
:1016400083F85020BB6900229A6400BF1037BD4662
:1016500080BD80B582B000AF78607B68002B0ED073
:101660007B6800229A607B6800221A607B680022F7
:10167000DA60002300220021786800F01DF800BF26
:101680000837BD4680BD80B586B000AF0346FB710C
:1016900001237B6100233B61FB791A463969786934
:1016A000FFF762FFF860F868FFF7D3FFFB681846A2
:1016B0001837BD4680BD000080B58EB000AFF86021
:1016C000B9607A603B6000237B63FB683B633B6BE4
:1016D000002B0BD14FF0500383F31188BFF36F8FB2
:1016E000BFF34F8F7B6200BF00BFFDE7BB68002BDD
:1016F00003D13B6B1B6C002B01D1012300E00023C5
:10170000002B0BD14FF0500383F31188BFF36F8F81
:10171000BFF34F8F3B6200BF00BFFDE73B68022B6A
:1017200003D13B6BDB6B012B01D1012300E00023D4
:10173000002B0BD14FF0500383F31188BFF36F8F51
:10174000BFF34F8FFB6100BF00BFFDE702F010F851
:101750000346002B02D17B68002B01D1012300E05E
:101760000023002B0BD14FF0500383F31188BFF3FC
:101770006F8FBFF34F8FBB6100BF00BFFDE702F06B
:10178000D3FE3B6B9A6B3B6BDB6B9A4202D33B689D
:10179000022B45D13B6B9B6BFB623A68B968386B97
:1017A00000F046FCB8623B6B9B6C002B14D03B688E
:1017B000022B02D1FB6A002B2ED1386B00F010FEF9
:1017C0000346002B28D04A4B4FF080521A60BFF3DB
:1017D0004F8FBFF36F8F1FE03B6B5B6A002B10D006
:1017E0003B6B2433184601F051FD0346002B13D008
:1017F0003F4B4FF080521A60BFF34F8FBFF36F8F94
:101800000AE0BB6A002B07D0394B4FF080521A60B8
:10181000BFF34F8FBFF36F8F02F0B6FE012363E07B
:101820007B68002B03D102F0AFFE00235CE07B6BF2
:10183000002B06D107F11003184601F001FE012329
:101840007B6302F0A1FE01F033F902F06DFE3B6B09
:1018500093F844305BB2B3F1FF3F03D13B6B0022FE
:1018600083F844203B6B93F845305BB2B3F1FF3F04
:1018700003D13B6B002283F8452002F085FE3A1D20
:1018800007F110031146184601F0F0FD0346002B46
:1018900024D1386B00F0D1FC0346002B18D03B6BF1
:1018A00010337A681146184601F084FC386B00F05A
:1018B0004FFC01F047F90346002B7FF460AF0C4B5F
:1018C0004FF080521A60BFF34F8FBFF36F8F56E710
:1018D000386B00F03DFC01F035F950E7386B00F053
:1018E00037FC01F02FF9002318463837BD4680BD7C
:1018F00004ED00E080B592B000AFF860B9607A60A6
:101900003B60FB683B643B6C002B0BD14FF05003FA
:1019100083F31188BFF36F8FBFF34F8FFB6200BF5C
:1019200000BFFDE7BB68002B03D13B6C1B6C002B99
:1019300001D1012300E00023002B0BD14FF0500315
:1019400083F31188BFF36F8FBFF34F8FBB6200BF6C
:1019500000BFFDE73B68022B03D13B6CDB6B012B27
:1019600001D1012300E00023002B0BD14FF05003E5
:1019700083F31188BFF36F8FBFF34F8F7B6200BF7C
:1019800000BFFDE702F088FFEFF311824FF0500334
:1019900083F31188BFF36F8FBFF34F8F3A62FB6100
:1019A0003B6AFB633B6C9A6B3B6CDB6B9A4202D3EA
:1019B0003B68022B5ED13B6C93F8453087F83B3097
:1019C0003B6C9B6B7B633A68B968386C00F030FB0A
:1019D00097F93B30B3F1FF3F29D13B6C9B6C002B57
:1019E00012D03B68022B02D17B6B002B3FD1386CAD
:1019F00000F0F6FC0346002B39D07B68002B36D074
:101A00007B6801221A6032E03B6C5B6A002B2ED0AF
:101A10003B6C2433184601F039FC0346002B26D0DA
:101A20007B68002B23D07B6801221A601FE001F045
:101A30009FF9386397F93B303A6B9A4217D997F977
:101A40003B307F2B0BD14FF0500383F31188BFF352
:101A50006F8FBFF34F8FBB6100BF00BFFDE797F8EB
:101A60003B300133DBB25AB23B6C83F84520012393
:101A70007B6401E000237B64FB6B7B617B6983F308
:101A8000118800BF7B6C18464837BD4680BD80B5C5
:101A900090B000AF786039607B68BB63BB6B002B94
:101AA0000BD14FF0500383F31188BFF36F8FBFF357
:101AB0004F8F7B6200BF00BFFDE7BB6B1B6C002B31
:101AC0000BD04FF0500383F31188BFF36F8FBFF338
:101AD0004F8F3B6200BF00BFFDE7BB6B1B68002B55
:101AE00003D1BB6B9B68002B01D1012300E00023D5
:101AF000002B0BD14FF0500383F31188BFF36F8F8E
:101B0000BFF34F8FFB6100BF00BFFDE702F0C4FED3
:101B1000EFF311824FF0500383F31188BFF36F8FFF
:101B2000BFF34F8FBA617B61BB697B63BB6B9B6B00
:101B30003B63BB6BDB6B3A6B9A4254D2BB6B93F843
:101B4000453087F82F303B6B5A1CBB6B9A6397F973
:101B50002F30B3F1FF3F23D1BB6B9B6C002B0CD01C
:101B6000B86B00F03DFC0346002B39D03B68002BDE
:101B700036D03B6801221A6032E0BB6B5B6A002BF7
:101B80002ED0BB6B2433184601F080FB0346002B9C
:101B900026D03B68002B23D03B6801221A601FE04F
:101BA00001F0E6F8B86297F92F30BA6A9A4217D96D
:101BB00097F92F307F2B0BD14FF0500383F311880F
:101BC000BFF36F8FBFF34F8F3B6100BF00BFFDE7D7
:101BD00097F82F300133DBB25AB2BB6B83F8452044
:101BE0000123FB6301E00023FB637B6BFB60FB686D
:101BF00083F3118800BFFB6B18464037BD4680BD9C
:101C000080B58CB000AFF860B9607A600023FB62E9
:101C1000FB68BB62BB6A002B0BD14FF0500383F310
:101C20001188BFF36F8FBFF34F8F3B6200BF00BFC0
:101C3000FDE7BB68002B03D1BB6A1B6C002B01D1F5
:101C4000012300E00023002B0BD14FF0500383F35E
:101C50001188BFF36F8FBFF34F8FFB6100BF00BFD1
:101C6000FDE701F085FD0346002B02D17B68002BC8
:101C700001D1012300E00023002B0BD14FF05003D2
:101C800083F31188BFF36F8FBFF34F8FBB6100BF2A
:101C900000BFFDE702F048FCBB6A9B6B7B627B6A7E
:101CA000002B1FD0B968B86A00F02CFA7B6A5A1E64
:101CB000BB6A9A63BB6A1B69002B0FD0BB6A1033E7
:101CC000184601F0E3FA0346002B07D03C4B4FF0D7
:101CD00080521A60BFF34F8FBFF36F8F02F054FC36
:101CE000012369E07B68002B03D102F04DFC002347
:101CF00062E0FB6A002B06D107F11003184601F0E1
:101D00009FFB0123FB6202F03FFC00F0D1FE02F0DA
:101D10000BFCBB6A93F844305BB2B3F1FF3F03D1D5
:101D2000BB6A002283F84420BB6A93F845305BB25B
:101D3000B3F1FF3F03D1BB6A002283F8452002F0D4
:101D400023FC3A1D07F110031146184601F08EFBE3
:101D50000346002B23D1B86A00F059FA0346002B42
:101D600017D0BB6A24337A681146184601F022FA6C
:101D7000B86A00F0EDF900F0E5FE0346002B89D1CA
:101D80000F4B4FF080521A60BFF34F8FBFF36F8F2E
:101D900080E7B86A00F0DCF900F0D4FE7AE7B86AB0
:101DA00000F0D6F900F0CEFEB86A00F030FA034633
:101DB000002B3FF46FAF002318463037BD4680BD7F
:101DC00004ED00E080B58CB000AF7860396000238E
:101DD000FB627B687B620023BB627B6A002B0BD1BA
:101DE0004FF0500383F31188BFF36F8FBFF34F8F12
:101DF000BB6100BF00BFFDE77B6A1B6C002B0BD0F3
:101E00004FF0500383F31188BFF36F8FBFF34F8FF1
:101E10007B6100BF00BFFDE701F0AAFC0346002B79
:101E200002D13B68002B01D1012300E00023002BED
:101E30000BD14FF0500383F31188BFF36F8FBFF3C3
:101E40004F8F3B6100BF00BFFDE702F06DFB7B6A77
:101E50009B6B3B623B6A002B24D03B6A5A1E7B6A19
:101E60009A637B6A1B68002B04D101F0A3FE024633
:101E70007B6A9A607B6A1B69002B0FD07B6A1033E8
:101E8000184601F003FA0346002B07D04C4B4FF0E5
:101E900080521A60BFF34F8FBFF36F8F02F074FB55
:101EA000012389E03B68002B03D102F06DFB002386
:101EB00082E0FB6A002B06D107F10803184601F007
:101EC000BFFA0123FB6202F05FFB00F0F1FD02F0BC
:101ED0002BFB7B6A93F844305BB2B3F1FF3F03D135
:101EE0007B6A002283F844207B6A93F845305BB21A
:101EF000B3F1FF3F03D17B6A002283F8452002F053
:101F000043FB3A4607F108031146184601F0AEFAC2
:101F10000346002B32D1786A00F079F90346002B92
:101F200026D07B6A1B68002B09D102F0FDFA7B6A80
:101F30009B68184601F03AFCB86202F025FB7B6A08
:101F400024333A681146184601F034F9786A00F0F3
:101F5000FFF800F0F7FD0346002B7FF476AF184B37
:101F60004FF080521A60BFF34F8FBFF36F8F6CE753
:101F7000786A00F0EDF800F0E5FD66E7786A00F0B9
:101F8000E7F800F0DFFD786A00F041F90346002B26
:101F90003FF45BAFBB6A002B0DD002F0C5FA786A44
:101FA00000F02FF8F8617B6A9B68F969184601F028
:101FB00045FD02F0E9FA002318463037BD4680BDE2
:101FC00004ED00E080B584B000AF78607B68FB6012
:101FD000FB68002B0BD14FF0500383F31188BFF344
:101FE0006F8FBFF34F8FBB6000BF00BFFDE7F86886
:101FF00000F08AF9F86802F0C1FD00BF1037BD4655
:1020000080BD80B485B000AF78607B685B6A002BD0
:1020100006D07B681B6B1B68C3F12003FB6001E0EB
:102020000023FB60FB6818461437BD4680BC704730
:1020300080B586B000AFF860B9607A6000237B613C
:10204000FB689B6B3B61FB681B6C002B0DD1FB6835
:102050001B68002B4DD1FB689B68184601F046FCBD
:102060007861FB6800229A6043E07B68002B19D1FD
:10207000FB685868FB681B6C1A46B96807F018FAC9
:10208000FB685A68FB681B6C1A44FB685A60FB6863
:102090005A68FB689B689A422BD3FB681A68FB68F6
:1020A0005A6026E0FB68D868FB681B6C1A46B96862
:1020B00007F0FEF9FB68DA68FB681B6C5B421A44A8
:1020C000FB68DA60FB68DA68FB681B689A4207D233
:1020D000FB689A68FB681B6C5B421A44FB68DA6019
:1020E0007B68022B05D13B69002B02D03B69013B89
:1020F0003B613B695A1CFB689A637B691846183739
:10210000BD4680BD80B582B000AF786039607B6825
:102110001B6C002B18D07B68DA687B681B6C1A4438
:102120007B68DA607B68DA687B689B689A4203D3D5
:102130007B681A687B68DA607B68D9687B681B6C8F
:102140001A46386807F0B4F900BF0837BD4680BDAD
:1021500080B584B000AF786002F0E6F97B6893F850
:102160004530FB731EE07B689B6C002B08D07868C1
:1021700000F036F90346002B10D001F0DFF90DE036
:102180007B685B6A002B12D07B682433184601F011
:102190007DF80346002B01D001F0D0F9FB7B013B19
:1021A000DBB2FB7397F90F30002BDCDC00E000BFE3
:1021B0007B68FF2283F8452002F0E6F902F0B4F9CB
:1021C0007B6893F84430BB7311E07B681B69002B7C
:1021D00012D07B681033184601F058F80346002BE4
:1021E00001D001F0ABF9BB7B013BDBB2BB7397F9CC
:1021F0000E30002BE9DC00E000BF7B68FF2283F893
:10220000442002F0C1F900BF1037BD4680BD80B543
:1022100084B000AF786002F087F97B689B6B002B7D
:1022200002D10123FB6001E00023FB6002F0ACF966
:10223000FB6818461037BD4680BD80B584B000AF3E
:10224000786002F071F97B689A6B7B68DB6B9A426D
:1022500002D10123FB6001E00023FB6002F094F94E
:10226000FB6818461037BD4680BD000080B487B0BB
:1022700000AF7860396000233B617B68002B0BD195
:102280004FF0500383F31188BFF36F8FBFF34F8F6D
:10229000FB6000BF00BFFDE73B68002B24D000239C
:1022A0007B611EE0174A7B69DB0013445B687A6838
:1022B0009A4205D17B69DB00124A13443B6113E06B
:1022C0003B69002B0AD10F4A7B6952F83330002B4F
:1022D00004D17B69DB000B4A13443B617B6901330A
:1022E0007B617B69072BDDD93B69002B05D03B69FE
:1022F0003A681A603B697A685A6000BF1C37BD466D
:1023000080BC70471006002080B485B000AF7860B4
:102310007B68002B0BD14FF0500383F31188BFF380
:102320006F8FBFF34F8FBB6000BF00BFFDE700237F
:10233000FB6016E00F4AFB68DB0013445B687A68B9
:102340009A420BD10B4AFB68002142F83310094A2C
:10235000FB68DB00134400225A6006E0FB6801338F
:10236000FB60FB68072BE5D900BF00BF1437BD46F3
:1023700080BC70471006002080B586B000AFF860C2
:10238000B9607A60FB687B6102F0CEF87B6993F8F4
:1023900044305BB2B3F1FF3F03D17B69002283F885
:1023A00044207B6993F845305BB2B3F1FF3F03D122
:1023B0007B69002283F8452002F0E6F87B699B6B7D
:1023C000002B06D17B6924337A68B968184600F07F
:1023D00017FF7869FFF7BCFE00BF1837BD4680BD08
:1023E00080B58AB000AF78607B689B6C3B6200234D
:1023F0007B623B6A002B0BD14FF0500383F31188B3
:10240000BFF36F8FBFF34F8F7B6100BF00BFFDE74E
:102410003B6A9A6B3B6ADB6B9A420BD34FF05003DB
:1024200083F31188BFF36F8FBFF34F8F3B6100BF02
:1024300000BFFDE73B6A9A6B3B6ADB6B9A423DD279
:102440003B6A93F84530FB773B1D00221946386AFA
:10245000FFF7EEFD786297F91F30B3F1FF3F0ED121
:102460003B6A5B6A002B29D03B6A2433184600F094
:102470000DFF0346002B21D001237B621EE000F0FC
:1024800077FCB86197F91F30BA699A4216D997F963
:102490001F307F2B0BD14FF0500383F31188BFF314
:1024A0006F8FBFF34F8FFB6000BF00BFFDE7FB7F67
:1024B0000133DBB25AB23B6A83F845207B6A184687
:1024C0002837BD4680BD80B58AB004AFF860B960DA
:1024D0007A603B607B689B00184602F01DFA386109
:1024E0003B69002B13D0602002F016FA78617B69FB
:1024F000002B08D060220021786906F0EDFE7B6990
:102500003A691A6305E0386902F038FB01E00023FC
:102510007B617B69002B0DD0002303937B690293C1
:102520007B6A01933B6A00933B687A68B968F868F4
:1025300000F028F87B6918461837BD4680BD80B585
:1025400088B002AFF860B9607A603B607B6A019343
:102550003B6A00933B687A68B968F868FFF7B3FF95
:1025600038613B69002B05D0386900F09BF80123E6
:102570007B6102E04FF0FF337B617B6918461837BF
:10258000BD4680BD80B588B000AFF860B9607A60A4
:102590003B603B6B186B7B689B001A46A52106F0DD
:1025A0009BFE3B6B1A6B7B6803F18043013B9B00F6
:1025B0001344BB61BB6923F00703BB61BB6903F034
:1025C0000703002B0BD04FF0500383F31188BFF3A8
:1025D0006F8FBFF34F8F7B6100BF00BFFDE7BB680C
:1025E000002B1ED00023FB6112E0BA68FB69134484
:1025F00019783A6BFB69134434330A461A70BA6887
:10260000FB6913441B78002B06D0FB690133FB6187
:10261000FB690F2BE9D900E000BF3B6B002283F878
:102620004320BB6A1F2B0BD94FF0500383F3118853
:10263000BFF36F8FBFF34F8F3B6100BF00BFFDE75C
:10264000BB6A1F2B01D91F23BB623B6BBA6ADA62DC
:102650003B6BBA6ADA643B6B04331846FEF761FEE3
:102660003B6B18331846FEF75CFE3B6B3A6B1A6106
:10267000BB6AC3F120023B6B9A613B6B3A6B5A62B7
:102680003A68F968B86901F01FFE02463B6B1A60B0
:10269000FB6A002B02D0FB6A3A6B1A6000BF20373E
:1026A000BD4680BD80B584B000AF786001F03CFFCE
:1026B000414B1B680133404A1360404B1B68002BA1
:1026C00009D13E4A7B6813603B4B1B68012B10D13C
:1026D00000F0B6FF0DE03A4B1B68002B09D1374BD9
:1026E0001B68DA6A7B68DB6A9A4202D8334A7B68E5
:1026F0001360344B1B680133324A1360314B1A6844
:102700007B685A647B68DB6A01229A402E4B1B6807
:1027100013432D4A13607B68DA6A2C4913469B00E9
:1027200013449B000B4404331B68FB607B68FA680E
:102730009A60FB689A687B68DA60FB689B687A68D5
:1027400004325A607B681A1DFB689A607B68DA6AFB
:1027500013469B0013449B001C4A1A447B685A6131
:102760007B68DA6A194913469B0013449B000B44AB
:102770001B687A68D26A591C144813469B0013449C
:102780009B000344196001F0FFFE0D4B1B68002BFA
:102790000ED00A4B1B68DA6A7B68DB6A9A4207D262
:1027A0000B4B4FF080521A60BFF34F8FBFF36F8F08
:1027B00000BF1037BD4680BD4409002050060020F0
:1027C00050090020600900204C0900205406002018
:1027D00004ED00E080B586B000AF786000233B6177
:1027E00001F0A2FE7B68002B03D1424B1B687B618A
:1027F00001E07B687B617B6904331846FEF7F8FDD6
:102800000346002B15D17B69DA6A3B4913469B00CE
:1028100013449B000B441B68002B0AD17B69DB6AC5
:10282000012202FA03F3DA43344B1B681340334AA4
:1028300013607B699B6A002B04D07B6918331846B0
:10284000FEF7D6FD2E4B1B6801332D4A1360294B32
:102850001B687A699A4202D10123FB6001E00023E0
:10286000FB60284B1B68002B10D0FB68002B0DD0A1
:102870007B69043319462448FEF75FFD234B1B6830
:102880000133224A136001233B6106E0204B1B68A1
:10289000013B1F4A136000F051FF01F075FE3B69D8
:1028A000012B02D0786900F039FF164B1B68002B12
:1028B0001CD0104B1B687A699A4217D1154B1B68C4
:1028C000002B0BD04FF0500383F31188BFF36F8FB1
:1028D000BFF34F8FBB6000BF00BFFDE70E4B4FF053
:1028E00080521A60BFF34F8FBFF36F8F00BF18374E
:1028F000BD4680BD50060020540600204C09002033
:102900006009002050090020180900202C0900202F
:10291000440900206C09002004ED00E080B584B07B
:1029200000AF78600023FB607B68002B18D000F0BC
:10293000BFF8134B1B68012B0BD04FF0500383F3F0
:102940001188BFF36F8FBFF34F8FBB6000BF00BF15
:10295000FDE70021786801F043F900F0F3F8F86032
:10296000FB68002B07D1074B4FF080521A60BFF372
:102970004F8FBFF36F8F00BF1037BD4680BD00BFC4
:102980006C09002004ED00E080B58AB002AF01239D
:10299000FB6100233B6100237B6111E01C4A7B69E2
:1029A000134419783A467B6913440A461A703A462A
:1029B0007B6913441B78002B06D07B6901337B6154
:1029C0007B690F2BEADD00E000BF0023BB6115E04F
:1029D000104B3B61BB699B000F4A1344394601937E
:1029E00000230093002382223869FFF7A8FDF861D5
:1029F000FB69002B06D0BB690133BB61BB69002BAF
:102A0000E6DD00E000BFFB6918462037BD4680BD0B
:102A100044AC0008553500086809002080B584B032
:102A200000AFFFF7B1FFF860FB68012B02D101F0A6
:102A300059F9F860FB68012B19D14FF0500383F36B
:102A40001188BFF36F8FBFF34F8FBB6000BF134B75
:102A50004FF0FF321A60124B01221A60114B002214
:102A60001A60114B00221A6001F0BCFC0FE0FB68F9
:102A7000B3F1FF3F0BD14FF0500383F31188BFF345
:102A80006F8FBFF34F8F7B6000BF00BFFDE7074B29
:102A90001B6800BF1037BD4680BD00BF6409002021
:102AA00050090020480900200405002040AC00081F
:102AB00080B400AF044B1B680133034A136000BFAE
:102AC000BD4680BC704700BF6C09002080B485B053
:102AD00000AF0023BB6001237B60154B1B687A6845
:102AE0009A4201D20123BB60124B1B68DB6A002BA8
:102AF00002D00023FB6014E00F4B1B68012B02D9AE
:102B00000023FB600DE0BB68002B02D00023FB60BC
:102B100007E00A4B1B68FB60094B1B68FA68D31A75
:102B2000FB60FB6818461437BD4680BC704700BF89
:102B30004C090020500600205406002064090020A3
:102B40004809002080B588B000AF0023FB61002356
:102B5000BB6101F0E9FC00233B61754B1B68002B56
:102B60000BD14FF0500383F31188BFF36F8FBFF386
:102B70004F8F3B6000BF00BFFDE76D4B1B68013B03
:102B80006B4A13606A4B1B68002B40F0CA80694B8C
:102B90001B68002B00F0C5808EE0674BDB68DB68AC
:102BA000FB61FB699B6AFB60FB69DB69FA69126A7E
:102BB0009A60FB691B6AFA69D2695A60FB685A68B5
:102BC000FB6918339A4203D1FB691A6AFB685A60A1
:102BD000FB6900229A62FB681B685A1EFB681A6038
:102BE000FB695B69BB60FB699B68FA69D2689A60A4
:102BF000FB69DB68FA6992685A60BB685A68FB69CE
:102C000004339A4203D1FB69DA68BB685A60FB69F6
:102C100000225A61BB681B685A1EBB681A60FB69B8
:102C2000DB6A01229A40454B1B681343434A1360F9
:102C3000FB69DA6A424913469B0013449B000B442C
:102C400004331B687B60FB697A689A607B689A68CA
:102C5000FB69DA607B689B68FA6904325A60FB6939
:102C60001A1D7B689A60FB69DA6A13469B0013445D
:102C70009B00334A1A44FB695A61FB69DA6A30499E
:102C800013469B0013449B000B441B68FA69D26AED
:102C9000591C2B4813469B0013449B0003441960A6
:102CA000FB69DA6A274B1B68DB6A9A4204D9264A19
:102CB0003B69012142F823101F4B1B68002B7FF456
:102CC0006CAFFB69002B01D000F038FD1F4B1B6877
:102CD0007B617B69002B12D000F0B0F80346002B1B
:102CE00004D0194A3B69012142F823107B69013B5A
:102CF0007B617B69002BEFD1144B00221A60124AD2
:102D00003B6952F82330002B0BD00123BB610D4BE4
:102D10001B680F4B4FF080521A60BFF34F8FBFF309
:102D20006F8F01F031FCBB6918462037BD4680BD6E
:102D30006C09002044090020040900204C090020EF
:102D40005406002050060020580900205409002095
:102D500004ED00E080B483B000AF044B1B687B60DF
:102D60007B6818460C37BD4680BC70474809002078
:102D700080B400AF024B1B681846BD4680BC70474C
:102D80004409002080B586B000AF7860274B1B68EF
:102D90007A6813447B61264B1B687A699A420BD987
:102DA0004FF0500383F31188BFF36F8FBFF34F8F42
:102DB0003B6100BF00BFFDE71D4B1B687A699A426B
:102DC0002AD11C4B1B68002B0BD14FF0500383F30F
:102DD0001188BFF36F8FBFF34F8FFB6000BF00BF41
:102DE000FDE77B68002B0BD14FF0500383F3118874
:102DF000BFF36F8FBFF34F8FBB6000BF00BFFDE716
:102E000001F092FB0C4B1B6801330B4A136001F07D
:102E1000BBFB7B68013B7B60044B1A687B681344F7
:102E2000024A136000BF1837BD4680BD4809002024
:102E3000640900206C0900205409002080B58AB084
:102E400000AF00237B627F4B1B68002B40F0EF80BC
:102E50007D4B1B6801333B627B4A3B6A13603B6AD4
:102E6000002B21D1794B1B681B68002B0BD04FF036
:102E7000500383F31188BFF36F8FBFF34F8F7B60D5
:102E800000BF00BFFDE7714B1B68FB61704B1B6807
:102E90006E4A13606E4AFB6913606E4B1B68013308
:102EA0006C4A136000F04AFC6B4B1B683A6A9A420A
:102EB000C0F0A880654B1B681B68002B04D1664BD3
:102EC0004FF0FF321A609DE0604B1B68DB68DB68E7
:102ED000BB61BB695B687B613A6A7B699A4203D2DA
:102EE0005D4A7B6913608DE0BB695B693B61BB69CF
:102EF0009B68BA69D2689A60BB69DB68BA699268F4
:102F00005A603B695A68BB6904339A4203D1BB6972
:102F1000DA683B695A60BB6900225A613B691B68E9
:102F20005A1E3B691A60BB699B6A002B1ED0BB69A5
:102F30009B6AFB60BB69DB69BA69126A9A60BB690C
:102F40001B6ABA69D2695A60FB685A68BB69183350
:102F50009A4203D1BB691A6AFB685A60BB690022B6
:102F60009A62FB681B685A1EFB681A60BB69DB6AC1
:102F700001229A40394B1B681343384A1360BB69DE
:102F8000DA6A374913469B0013449B000B44043311
:102F90001B68BB60BB69BA689A60BB689A68BB690A
:102FA000DA60BB689B68BA6904325A60BB691A1D53
:102FB000BB689A60BB69DA6A13469B0013449B00A6
:102FC000274A1A44BB695A61BB69DA6A2449134625
:102FD0009B0013449B000B441B68BA69D26A591CBE
:102FE0001F4813469B0013449B0003441960BB69B0
:102FF000DA6A1C4B1B68DB6A9A427FF65BAF0123DF
:103000007B6257E7174B1B68DA6A154913469B002A
:1030100013449B000B441B68012B01D901237B62E5
:10302000114B1B68002B07D001237B6204E00F4B80
:103030001B6801330D4A13607B6A18462837BD466A
:1030400080BD00BF6C09002048090020FC0800205A
:10305000000900205C090020640900204C090020C0
:103060005406002050060020580900205409002072
:1030700080B588B000AF474B1B68002B03D0464B90
:1030800001221A6081E0444B00221A60434B1B6806
:10309000434A1360424B1A68424B1B689A4209D953
:1030A0003F4B1A683F4B1B68D11A3F4B1B685A6D48
:1030B0000A445A653A4B1B683A4A13603A4B1B68FC
:1030C0001B6BFB614FF0A533BB61FB691B68BA69E1
:1030D0009A4211D1FB6904331B68BA699A420BD139
:1030E000FB6908331B68BA699A4205D1FB690C3346
:1030F0001B68BA699A4209D02B4B1B6834337B6139
:10310000294B1B6879691846FDF733FA274B1B6872
:10311000BB60BB68B3FA83F3FB71FB79C3F11F0398
:103120003B6123493A6913469B0013449B000B44BF
:103130001B68002B0BD14FF0500383F31188BFF3B2
:103140006F8FBFF34F8F3B6000BF00BFFDE73A6951
:1031500013469B0013449B00154A1344FB60FB6815
:103160005B685A68FB685A60FB685A68FB680833FA
:103170009A4203D1FB68DA68FB685A60FB685B68B7
:10318000DB68094A1360084B1B6800BF2037BD4647
:1031900080BD00BF6C0900205809002004050020F4
:1031A0007409002070090020500600204C090020FE
:1031B0005406002080B584B000AF786039607B6829
:1031C000002B0BD14FF0500383F31188BFF36F8FA7
:1031D000BFF34F8FFB6000BF00BFFDE7074B1B68CD
:1031E000183319467868FEF7CBF80121386800F0EB
:1031F000F7FC00BF1037BD4680BD00BF5006002061
:1032000080B586B000AFF860B9607A60FB68002BCB
:103210000BD14FF0500383F31188BFF36F8FBFF3CF
:103220004F8F3B6100BF00BFFDE7FB685B687B61C0
:10323000154B1B687A69DA61134B1B687A699268CF
:103240001A62114B1A687B699B6818325A600E4BE0
:103250001B6803F118027B699A600B4B1B68FA68C4
:103260009A62FB681B685A1CFB681A607B68002B1B
:1032700002D04FF0FF33BB607968B86800F0B0FC53
:1032800000BF1837BD4680BD5006002080B58AB00B
:1032900000AF78607B68DB68DB683B623B6A002BD1
:1032A0000BD14FF0500383F31188BFF36F8FBFF33F
:1032B0004F8FFB6000BF00BFFDE73B6A9B6AFB616D
:1032C0003B6ADB693A6A126A9A603B6A1B6A3A6A2D
:1032D000D2695A60FB695A683B6A18339A4203D133
:1032E0003B6A1A6AFB695A603B6A00229A62FB6970
:1032F0001B685A1EFB691A604B4B1B68002B62D17E
:103300003B6A5B697B613B6A9B683A6AD2689A60F8
:103310003B6ADB683A6A92685A607B695A683B6A22
:1033200004339A4203D13B6ADA687B695A603B6A8C
:1033300000225A617B691B685A1E7B691A603B6ACE
:10334000DB6A01229A40394B1B681343374A1360EA
:103350003B6ADA6A364913469B0013449B000B44D0
:1033600004331B683B613B6A3A699A603B699A681F
:103370003B6ADA603B699B683A6A04325A603B6A8E
:103380001A1D3B699A603B6ADA6A13469B00134434
:103390009B00274A1A443B6A5A613B6ADA6A24490D
:1033A00013469B0013449B000B441B683A6AD26A85
:1033B000591C1F4813469B0013449B00034419608B
:1033C00000F0BCF91BE01B4B5B68BB613B6ABA6950
:1033D000DA61BB699A683B6A1A62BB699B683A6AA0
:1033E00018325A603B6A03F11802BB699A603B6A63
:1033F000104A9A620F4B1B6801330E4A13603B6AF6
:10340000DA6A0D4B1B68DB6A9A4205D901237B629D
:103410000A4B01221A6001E000237B627B6A184696
:103420002837BD4680BD00BF6C0900204C09002034
:1034300054060020040900205006002058090020EE
:1034400080B483B000AF7860064B1A687B681A605E
:10345000054B1A687B685A6000BF0C37BD4680BCBC
:10346000704700BF5C0900204809002080B588B083
:1034700000AF786039607B68002B0BD14FF05003B0
:1034800083F31188BFF36F8FBFF34F8F3B6100BF92
:1034900000BFFDE73B68002B0BD14FF0500383F3D7
:1034A0001188BFF36F8FBFF34F8FFB6000BF00BF6A
:1034B000FDE701F039F81F4B1B68BB617B685B6857
:1034C000BA69D31A7B613B681B68B3F1FF3F02D135
:1034D0000023FB6126E07B681A68174B1B689A4241
:1034E0000AD07B685B68BA699A4205D30123FB6105
:1034F0003B6800221A6015E03B681B687A699A42B3
:103500000BD23B681A687B69D21A3B681A607868EC
:10351000FFF796FF0023FB6104E03B6800221A607E
:103520000123FB6101F030F8FB6918462037BD46E6
:1035300080BD00BF480900205C09002080B400AFB6
:10354000034B01221A6000BFBD4680BC704700BF1C
:103550005809002080B584B000AF786000F0B0F862
:10356000184B1B68012B07D9174B4FF080521A607C
:10357000BFF34F8FBFF36F8FFFF7A8FAF860FB68B8
:10358000012BEBD9FFF794FA104B1A68104B1B680C
:103590009A420BD24FF0500383F31188BFF36F8F21
:1035A000BFF34F8FBB6000BF00BFFDE7FFF78EFA90
:1035B000F860FB68012B02D9F86801F067F8FFF7A3
:1035C000C1FACBE75406002004ED00E064090020B6
:1035D0004809002080B483B000AF01233B60012381
:1035E000FB71124B1B68002B02D00023FB7117E00C
:1035F0000F4B1B68002B02D00023FB7110E00D4B1A
:103600001B68002B02D00023FB7109E00A4B1A68EB
:103610000A4B19683B68CB1A9A4201D10223FB710D
:10362000FB7918460C37BD4680BC70470409002062
:1036300058090020540900203009002044090020C6
:1036400080B582B000AF00237B600CE07A6813463F
:103650009B0013449B00124A13441846FDF742FE98
:103660007B6801337B607B681F2BEFD90D48FDF72A
:1036700039FE0D48FDF736FE0C48FDF733FE0C48C9
:10368000FDF730FE0B48FDF72DFE0B4B054A1A6087
:103690000A4B054A1A6000BF0837BD4680BD00BF0F
:1036A00054060020D4080020E80800200409002067
:1036B0001809002030090020FC0800200009002023
:1036C00080B582B000AF19E000F02EFF104BDB6830
:1036D000DB687B607B6804331846FDF789FE0D4B81
:1036E0001B68013B0B4A13600B4B1B68013B0A4AEA
:1036F000136000F049FF786800F010F8064B1B6873
:10370000002BE1D100BF00BF0837BD4680BD00BF20
:1037100018090020440900202C09002080B582B03F
:1037200000AF78607B681B6B184601F027FA786859
:1037300001F024FA00BF0837BD4680BD80B400AF59
:10374000094B1B681B68002B04D1084B4FF0FF325C
:103750001A6005E0044B1B68DB681B68034A1360B2
:1037600000BFBD4680BC7047FC08002064090020F3
:1037700080B483B000AF0B4B1B68002B02D1012338
:103780007B6008E0084B1B68002B02D102237B60A2
:1037900001E000237B607B6818460C37BD4680BC87
:1037A000704700BF500900206C09002080B586B02A
:1037B00000AF78607B683B6100237B617B68002BF6
:1037C00000F089803B69DA6A454B1B68DB6A9A42E4
:1037D00078D23B699B69002B06DB414B1B68DB6A97
:1037E000C3F120023B699A613B6959693B69DA6A16
:1037F00013469B0013449B003A4A1344994259D103
:103800003B6904331846FDF7F3FD0346002B0AD14C
:103810003B69DB6A012202FA03F3DA43324B1B688D
:103820001340314A13602E4B1B68DA6A3B69DA6237
:103830003B69DB6A01229A402B4B1B6813432A4ADF
:1038400013603B69DA6A274913469B0013449B00C7
:103850000B4404331B68FB603B69FA689A60FB68A1
:103860009A683B69DA60FB689B683A6904325A607F
:103870003B691A1DFB689A603B69DA6A13469B0034
:1038800013449B00174A1A443B695A613B69DA6A40
:10389000144913469B0013449B000B441B683A6970
:1038A000D26A591C0F4813469B0013449B000344E3
:1038B000196004E00A4B1B68DA6A3B69DA6201238B
:1038C0007B6108E03B69DA6C054B1B68DB6A9A4256
:1038D00001D201237B617B6918461837BD4680BD44
:1038E00050060020540600204C09002080B588B006
:1038F00000AF78607B68BB610023FB617B68002BB5
:1039000000F090804A4B1B68BA699A420BD04FF086
:10391000500383F31188BFF36F8FBFF34F8F3B6169
:1039200000BF00BFFDE7BB691B6D002B0BD14FF043
:10393000500383F31188BFF36F8FBFF34F8FFB608A
:1039400000BF00BFFDE7BB691B6D5A1EBB691A654E
:10395000BB69DA6ABB69DB6C9A4263D0BB691B6DD9
:10396000002B5FD1BB6904331846FDF741FD0346C8
:10397000002B0AD1BB69DB6A012202FA03F3DA43A6
:103980002C4B1B6813402B4A1360BB69DA6CBB6974
:10399000DA62BB69DB6AC3F12002BB699A61BB6969
:1039A000DB6A01229A40234B1B681343214A1360B0
:1039B000BB69DA6A204913469B0013449B000B4401
:1039C00004331B687B61BB697A699A607B699A687A
:1039D000BB69DA607B699B68BA6904325A60BB696B
:1039E0001A1D7B699A60BB69DA6A13469B0013440F
:1039F0009B00114A1A44BB695A61BB69DA6A0E49D5
:103A000013469B0013449B000B441B68BA69D26A9F
:103A1000591C094813469B0013449B00034419603A
:103A20000123FB61FB6918462037BD4680BD00BFFE
:103A3000500600204C0900205406002080B58AB0B2
:103A400000AF786039607B683B620123FB617B6873
:103A5000002B00F0A5803B6A1B6D002B0BD14FF0B3
:103A6000500383F31188BFF36F8FBFF34F8F3B6118
:103A700000BF00BFFDE73B6ADB6C3A689A4202D99F
:103A80003B687B6202E03B6ADB6C7B623B6ADB6A21
:103A90007A6A9A4200F084803B6A1B6DFA699A4206
:103AA0007ED1414B1B683A6A9A420BD14FF05003CA
:103AB00083F31188BFF36F8FBFF34F8FFB6000BF9D
:103AC00000BFFDE73B6ADB6ABB613B6A7A6ADA6288
:103AD0003B6A9B69002B04DB7B6AC3F120023B6AD3
:103AE0009A613B6A5969BA6913469B0013449B006B
:103AF0002E4A1344994253D13B6A04331846FDF7CA
:103B000077FC0346002B0AD13B6ADB6A012202FAEA
:103B100003F3DA43264B1B681340254A13603B6AC4
:103B2000DB6A01229A40224B1B681343204A136030
:103B30003B6ADA6A1D4913469B0013449B000B4401
:103B400004331B687B613B6A7A699A607B699A6877
:103B50003B6ADA607B699B683A6A04325A603B6A66
:103B60001A1D7B699A603B6ADA6A13469B0013440C
:103B70009B000E4A1A443B6A5A613B6ADA6A0B4957
:103B800013469B0013449B000B441B683A6AD26A9D
:103B9000591C064813469B0013449B0003441960BC
:103BA00000BF2837BD4680BD5006002054060020C7
:103BB0004C09002080B483B000AF084B1B687B60C9
:103BC0007B68002B04D07B681B6D5A1C7B681A65D0
:103BD0007B6818460C37BD4680BC704750060020F5
:103BE00080B588B000AF78603960374B1B68FB61E7
:103BF000364B1B68BB61364B1B687B61354B1B68C2
:103C000004331846FDF7F4FB0346002B0BD1314B70
:103C10001B68DB6A012202FA03F3DA432E4B1B68AE
:103C200013402D4A13607B68B3F1FF3F24D13B68FA
:103C3000002B21D0294B5B683B61264B1B683A69FE
:103C40009A60244B1B683A699268DA60214B1A68C3
:103C50003B699B6804325A601E4B1B681A1D3B6906
:103C60009A601C4B1B681D4A5A611C4B1B68013330
:103C70001A4A136000BF22E0FA697B681344FB60B4
:103C8000144B1B68FA685A60FA68FB699A4207D2BB
:103C9000104B1B68043319467869FDF771FB0EE081
:103CA0000C4B1B6804331946B869FDF769FB0C4BD4
:103CB0001B68FA689A4202D2094AFB68136000BF87
:103CC0002037BD4680BD00BF48090020FC08002009
:103CD00000090020500600204C0900203009002077
:103CE0006409002080B584B002AF00237B6000F03F
:103CF000B5FA124B1B68002B0BD0114B01931F23FD
:103D0000009300234FF482720E490F48FEF717FC10
:103D100078607B68002B0BD14FF0500383F3118840
:103D2000BFF36F8FBFF34F8F3B6000BF00BFFDE756
:103D30007B6818460837BD4680BD00BFA809002033
:103D4000AC09002074AC0008A53E000880B588B01E
:103D500002AFF860B9607A603B602C2000F0DCFDB7
:103D600078617B69002B0DD07B69002283F82820C5
:103D70007B6901933B6A00933B687A68B968F8688D
:103D800000F005F87B6918461837BD4680BD80B540
:103D900086B000AFF860B9607A603B60BB68002B0A
:103DA0000BD14FF0500383F31188BFF36F8FBFF334
:103DB0004F8F7B6100BF00BFFDE700F04FFA7B6AC9
:103DC000FA681A607B6ABA689A617B6A3A68DA6153
:103DD0007B6A3A6A1A627B6A04331846FDF7A1FAD5
:103DE0007B68002B08D07B6A93F8283043F00403EB
:103DF000DAB27B6A83F8282000BF1837BD4680BD41
:103E000080B584B000AFF860B9607A6008E0FB6804
:103E10009B69BA681344BB60FB681B6AF8689847E3
:103E2000FB689A69BB68D118BB687A68F86800F0CB
:103E3000DDF80346002BEAD100BF00BF1037BD46B6
:103E400080BD000080B584B000AF78603960144B4D
:103E50001B68DB68DB68FB60FB6804331846FDF712
:103E6000C7FAFB6893F8283003F00403002B05D051
:103E70003A687968F868FFF7C3FF08E0FB6893F8D1
:103E8000283023F00103DAB2FB6883F82820FB68AE
:103E90001B6AF868984700BF1037BD4680BD00BF59
:103EA000A009002080B584B000AF786007F1080356
:103EB000184600F059F8F860BB681946F86800F039
:103EC00005F800F0D5F800BFF0E7000080B584B039
:103ED00000AF78603960FEF7EBFD07F10803184684
:103EE00000F064F8F860BB68002B31D13B68002B10
:103EF0000AD17A68FB689A4206D8FEF723FEF96871
:103F00007868FFF79FFF25E03B68002B09D0134B33
:103F10001B681B68002B02D101233B6001E00023DA
:103F20003B600F4B18687A68FB68D31A3A681946E9
:103F3000FEF722FAFEF706FE0346002B0AD1094BD4
:103F40004FF080521A60BFF34F8FBFF36F8F01E0C5
:103F5000FEF7F8FD00BF1037BD4680BDA409002064
:103F6000A809002004ED00E080B485B000AF7860BF
:103F70000D4B1B681B68002B01D1012200E00022C1
:103F80007B681A607B681B68002B05D1064B1B6899
:103F9000DB681B68FB6001E00023FB60FB681846E0
:103FA0001437BD4680BC7047A009002080B584B09E
:103FB00000AF7860FEF7CEFEF8600B4B1B68FA6826
:103FC0009A4205D200F024F97B6801221A6002E0CF
:103FD0007B6800221A60044AFB681360FB6818467D
:103FE0001037BD4680BD00BFB009002080B586B047
:103FF00000AFF860B9607A603B6000237B61FB68CA
:10400000BA685A60FB68FA681A61BA687B689A42B3
:1040100012D87A683B68D21AFB689B699A4202D32D
:1040200001237B611BE0104B1A68FB6804331946BF
:104030001046FDF7A5F912E07A683B689A4206D26D
:10404000BA683B689A4202D301237B6107E0074BC1
:104050001A68FB68043319461046FDF791F97B692D
:1040600018461837BD4680BDA4090020A0090020CD
:1040700080B588B000AF07F1080300221A605A60CB
:104080009A60B1E0BB68002BC0F2AE803B69FB6177
:10409000FB695B69002B04D0FB6904331846FDF70C
:1040A000A7F93B1D1846FFF781FFB861BB68092BD4
:1040B0005CD0092B00F39580082B4DD0082B00F322
:1040C0009080072B00F38D80062B11DA052B73D01F
:1040D000052B00F38680042B48D0042B00F381804D
:1040E000022B02DC002B03DC7BE0032B34D078E0D6
:1040F000FB6993F8283043F00103DAB2FB6983F8D7
:104100002820FA68FB699B69D118FB68BA69F869CD
:10411000FFF76CFF0346002B65D0FB6993F828304E
:1041200003F00403002B09D0FA68FB699B69134470
:10413000BA691946F869FFF763FE08E0FB6993F86E
:10414000283023F00103DAB2FB6983F82820FB69E9
:104150001B6AF869984746E0FB6993F8283023F01A
:104160000103DAB2FB6983F828203DE0FB6993F88C
:10417000283043F00103DAB2FB6983F82820FA689B
:10418000FB699A61FB699B69002B0BD14FF05003CF
:1041900083F31188BFF36F8FBFF34F8F7B6100BF35
:1041A00000BFFDE7FB699A69BB69D118BB69BA69B1
:1041B000F869FFF71BFF17E0FB6993F8283003F05D
:1041C0000203002B03D1F86900F0D8FC0CE0FB6976
:1041D00093F8283023F00103DAB2FB6983F8282032
:1041E00002E000BF00E000BF084B1B6807F10801B8
:1041F00000221846FDF704FD0346002B7FF442AF72
:1042000000BF00BF2037BD4680BD00BFA809002009
:1042100080B582B000AF09E00E4B1B68DB681B68FD
:104220003B604FF0FF313868FFF70CFE094B1B680D
:104230001B68002BF0D1074B1B687B60064B1B688B
:10424000044A1360044A7B68136000BF0837BD4608
:1042500080BD00BFA0090020A409002080B500AFE8
:1042600000F062F9124B1B68002B1DD11148FDF7BD
:1042700039F81148FDF736F8104B0E4A1A60104B0A
:104280000D4A1A6000220C210520FDF76DF9034646
:10429000074A1360064B1B68002B05D0044B1B68B4
:1042A00008491846FDF7E2FF00F06EF900BF80BD37
:1042B000A8090020780900208C090020A00900200E
:1042C000A40900207CAC000880B485B000AFF86081
:1042D000B9607A60FB68043BFB60FB684FF080725A
:1042E0001A60FB68043BFB60BB6823F00102FB68BB
:1042F0001A60FB68043BFB600C4AFB681A60FB68B1
:10430000143BFB607A68FB681A60FB68043BFB6047
:10431000FB686FF002021A60FB68203BFB60FB68E1
:1043200018461437BD4680BC704700BF31430008B3
:1043300080B485B000AF00237B60124B1B68B3F1E3
:10434000FF3F0BD04FF0500383F31188BFF36F8F03
:10435000BFF34F8FFB6000BF00BFFDE74FF050037E
:1043600083F31188BFF36F8FBFF34F8FBB6000BF24
:1043700000BF7B68002BFCD000BF00BF1437BD46D8
:1043800080BC70472C0200200000000000000000EC
:10439000074B19680868B0E8F04F80F30988BFF34D
:1043A0006F8F4FF0000080F311887047AFF30080EB
:1043B0005006002000BF00BF08480068006880F376
:1043C00008884FF0000080F3148862B661B6BFF32E
:1043D0004F8FBFF36F8F00DF00BF000008ED00E0DC
:1043E00000BF00BF80B586B000AF464B1B68464A91
:1043F00093420BD14FF0500383F31188BFF36F8FBB
:10440000BFF34F8FFB6000BF00BFFDE73D4B1B6854
:104410003E4A93420BD14FF0500383F31188BFF310
:104420006F8FBFF34F8F3B6100BF00BFFDE7384B7D
:104430007B617B691B78DBB27B607B69FF221A7032
:104440007B691B78DBB2FB70FB78DBB203F05003B7
:10445000DAB2304B1A70304B07221A6009E02E4B4B
:104460001B68013B2C4A1360FB78DBB25B00DBB2BC
:10447000FB70FB78DBB203F08003802BEFD0264B80
:104480001B68032B0BD04FF0500383F31188BFF34D
:104490006F8FBFF34F8FBB6000BF00BFFDE71E4BA8
:1044A0001B681B021C4A13601B4B1B6803F4E06370
:1044B000194A13607B68DAB27B691A70174B1B6864
:1044C000164A43F470031360144B1B68134A43F0FD
:1044D0007043136000F0A4F9114B00221A6000F041
:1044E000CFF9104B1B680F4A43F040431360FFF7AE
:1044F00063FFFEF7BDFDFFF71BFF002318461837CB
:10450000BD4680BD00ED00E071C20F4170C20F4199
:1045100000E400E0C0090020C409002020ED00E014
:104520002C02002034EF00E080B483B000AF4FF0E5
:10453000500383F31188BFF36F8FBFF34F8F7B60FE
:1045400000BF0F4B1B6801330D4A13600C4B1B68F7
:10455000012B10D10B4B1B68DBB2002B0BD04FF0A3
:10456000500383F31188BFF36F8FBFF34F8F3B600E
:1045700000BF00BFFDE700BF0C37BD4680BC7047E1
:104580002C02002004ED00E080B483B000AF124B99
:104590001B68002B0BD14FF0500383F31188BFF33E
:1045A0006F8FBFF34F8F7B6000BF00BFFDE70A4BEB
:1045B0001B68013B084A1360074B1B68002B05D1A1
:1045C00000233B603B6883F3118800BF00BF0C37BA
:1045D000BD4680BC704700BF2C02002000000000D8
:1045E000EFF30980BFF36F8F154B1A681EF0100FA1
:1045F00008BF20ED108A20E9F04F106009B44FF099
:10460000500080F31188BFF34F8FBFF36F8FFEF719
:104610002FFD4FF0000080F3118809BC196808686D
:10462000B0E8F04F1EF0100F08BFB0EC108A80F316
:104630000988BFF36F8F7047AFF30080AFF300803E
:104640005006002000BF00BF80B582B000AF4FF021
:10465000500383F31188BFF36F8FBFF34F8F7B60DD
:1046600000BFFEF7EBFB0346002B03D0064B4FF0D9
:1046700080521A6000233B603B6883F3118800BFBF
:1046800000BF0837BD4680BD04ED00E080B588B0AE
:1046900000AF78605B4B1B687A689A4202D9594B2D
:1046A0001B687B6072B6BFF34F8FBFF36F8FFEF74F
:1046B00091FF0346002B01D162B69EE0524B0622C9
:1046C0001A60524B1B687B617B69002B02D1504BF7
:1046D0001B687B617B68013B4D4A126802FB03F358
:1046E0007A691344FB614B4B1B6803F08063002B1A
:1046F00008D0484B4FF000721A60454B1B68FA69AE
:10470000D31AFB61444B1B68FA699A4204D9424BA5
:104710001B68FA69D31AFB61404AFB6913603B4B83
:1047200000221A60384B1B68374A43F001031360BC
:104730007B68FB60FB68002B04D0BFF34F8F30BF5A
:10474000BFF36F8F62B6BFF34F8FBFF36F8F72B639
:10475000BFF34F8FBFF36F8F2B4B06221A602A4B8C
:104760001B6803F48033002B1DD0294B1A68274B9C
:104770001968FB69CB1A1344013B3B61264B1B684C
:104780003A699A4204D9224B1B683A699A4203D982
:104790001F4B1B68013B3B61204A3B6913607B68F0
:1047A000013BBB611AE0194B1B687B61184B1B680E
:1047B0007A6803FB02F27B69D31ABB60144B1B6857
:1047C000BA68B2FBF3F3BB61BB690133104A1268EC
:1047D00003FB02F21149BB68D31A0B600B4B00229A
:1047E0001A60094B07221A60094B1B680B4A013BF0
:1047F0001360B869FEF7C6FA62B600BF2037BD463F
:1048000080BD00BFB809002010E000E018E000E023
:10481000B409002004ED00E0BC09002014E000E031
:1048200080B400AF0E4B0F4A1A600D4B1B686FF03F
:104830007F42B2FBF3F30C4A13600C4B5E221A600A
:104840000B4B00221A600B4B00221A600A4B0B4ADA
:104850001A60074B07221A6000BFBD4680BC704734
:10486000B409002040900200B8090020BC090020D3
:1048700010E000E018E000E014E000E03F900200EB
:10488000DFF80C00016841F470010160704700001E
:1048900088ED00E000BF00BF80B485B000AFEFF34B
:1048A0000583FB60FB680F2B15D9174AFB6813447F
:1048B0001B78FB72154B1B78FA7A9A420BD24FF099
:1048C000500383F31188BFF36F8FBFF34F8F7B606B
:1048D00000BF00BFFDE70E4B1B6803F4E0620D4B09
:1048E0001B689A420BD94FF0500383F31188BFF332
:1048F0006F8FBFF34F8F3B6000BF00BFFDE700BF6E
:104900001437BD4680BC7047F0E300E0C0090020CA
:104910000CED00E0C409002080B58EB000AF7860D7
:104920000023FB627B68002B22D00823DB437A68DC
:104930009A421BD808227B6813447B607B6803F093
:104940000703002B14D07B6803F00703C3F10803AF
:10495000BB62BB6ADB437A689A4204D87A68BB6A56
:1049600013447B6004E000237B6001E000237B6054
:10497000FEF79EF87A4B1B68002B01D100F074F90A
:104980007B68002BC0F2D3807B68002B00F0CF80C7
:10499000744B1B687A689A4200F2C980724B3B6381
:1049A000714B1B687B637B6B704A934205D37B6BB7
:1049B0006F4A934201D8012300E00023002B29D144
:1049C0004FF0500383F31188BFF36F8FBFF34F8F06
:1049D0003B6200BF00BFFDE77B6B3B637B6B1B68EB
:1049E0007B637B6B614A934205D37B6B604A934246
:1049F00001D8012300E00023002B0BD14FF050031E
:104A000083F31188BFF36F8FBFF34F8FFB6100BF3C
:104A100000BFFDE77B6B5B687A689A4203D97B6BCA
:104A20001B68002BD8D14E4B1B687A6B9A427ED004
:104A30003B6B1B6808221344FB62FB6A4B4A9342A0
:104A400005D3FB6A4A4A934201D8012300E00023C0
:104A5000002B0BD14FF0500383F31188BFF36F8FFE
:104A6000BFF34F8FBB6100BF00BFFDE77B6B1A68D0
:104A70003B6B1A607B6B5B687A689A420BD94FF08C
:104A8000500383F31188BFF36F8FBFF34F8F7B61A8
:104A900000BF00BFFDE77B6B5A687B68D21A082312
:104AA0005B009A4224D97A6B7B6813447B627B6AF1
:104AB00003F00703002B0BD04FF0500383F3118852
:104AC000BFF36F8FBFF34F8F3B6100BF00BFFDE7A8
:104AD0007B6B5A687B68D21A7B6A5A607B6B7A68F8
:104AE0005A603B6B1A687B6A1A603B6B7A6A1A6081
:104AF0001C4B1A687B6B5B68D31A1A4A1360194BFC
:104B00001A681C4B1B689A4203D2164B1B68194A41
:104B100013607B6B5B6843F000427B6B5A607B6B7E
:104B200000221A60144B1B680133134A1360FEF70E
:104B300009F8FB6A03F00703002B0BD04FF050037A
:104B400083F31188BFF36F8FBFF34F8FFB6000BFFC
:104B500000BFFDE7FB6A18463837BD4680BD00BF81
:104B6000D0350120D4350120C8350120C8090020E6
:104B7000C7350120D8350120DC35012080B588B04B
:104B800000AF78607B68FB617B68002B60D00823F6
:104B90005B42FA691344FB61FB69BB61BB692E4A46
:104BA000934205D3BB692D4A934201D8012300E00B
:104BB0000023002B0BD14FF0500383F31188BFF378
:104BC0006F8FBFF34F8F7B6100BF00BFFDE7BB69F5
:104BD0005B68002B0BDB4FF0500383F31188BFF3AE
:104BE0006F8FBFF34F8F3B6100BF00BFFDE7BB6915
:104BF0001B68002B0BD04FF0500383F31188BFF3D9
:104C00006F8FBFF34F8FFB6000BF00BFFDE7BB6935
:104C10005B68002B1CDABB691B68002B18D1BB69D1
:104C20005B6823F00042BB695A60FDF741FFBB6936
:104C30005A680B4B1B681344094A1360B86900F0AB
:104C40006DF8084B1B680133064A1360FDF77AFFC5
:104C500000BF2037BD4680BDC8090020C7350120F0
:104C6000D4350120E035012080B485B000AF4FF489
:104C70009633BB60244BFB60FB6803F00703002BFB
:104C80000CD0FB680733FB60FB6823F00703FB6075
:104C9000BA68FB68D31A1C4A1344BB60FB681B4A02
:104CA00013601A4B00225A60FA68BB6813447B6099
:104CB00008227B689B1A7B607B6823F007037B607C
:104CC0007B68134A1360124B1B6800225A60104B1A
:104CD0001B6800221A60FB683B603B687A68D21A46
:104CE0003B685A600A4B1A683B681A603B685B680D
:104CF000084A13603B685B68074A136000BF1437BB
:104D0000BD4680BC704700BFC8090020C8350120DF
:104D1000D0350120D8350120D435012080B487B0AA
:104D200000AF7860364B7B6102E07B691B687B617A
:104D30007B691B687A689A42F7D87B69304A93424C
:104D400018D07B692F4A934205D37B692E4A934240
:104D500001D8012300E00023002B0BD14FF05003BA
:104D600083F31188BFF36F8FBFF34F8FFB6000BFDA
:104D700000BFFDE77B693B617B695B683A6913446F
:104D80007A689A4208D17B695A687B685B681A44E2
:104D90007B695A607B697B607B683B617B685B6891
:104DA0003A691A447B691B689A4218D17B691A6870
:104DB000164B1B689A420DD07B685A687B691B684A
:104DC0005B681A447B685A607B691B681A687B6859
:104DD0001A6008E00D4B1A687B681A6003E07B6973
:104DE0001A687B681A607A697B689A4202D07B698C
:104DF0007A681A6000BF1C37BD4680BC704700BF90
:104E0000C8350120C8090020C7350120D035012050
:104E100080B483B000AF78607B6800221A677B683B
:104E200000225A677B6800229A6700BF0C37BD4694
:104E300080BC704790B587B000AFF860B9607A6009
:104E40003B60FB68DB6F3B614FF0FF337B61FB68CE
:104E50005B684FF0FF311846FCF7B4FFF868FFF7C6
:104E6000D7FF3B699C68B86804F030FB03461A46DC
:104E7000FB6AB9683869A047FB689B68F96A1846FD
:104E8000FCF7A0FF0346012B16D17B68002B10D046
:104E9000FB681A6F3B689A4228BF1A46BB6A1A60C1
:104EA000FB6803F10C01BB6A1B681A46786804F0C2
:104EB000FFFAFB689B6F7B61FB6858680023002248
:104EC0000021FCF7F9FB7B6918461C37BD4690BDF5
:104ED00080B588B002AF7860396007F1100107F142
:104EE000140207F10803019307F10C0300930B462A
:104EF0000A49786804F0ECF87B691A063B691B04E0
:104F00001A43FB681B021A43BB681A433B681A60CA
:104F1000012318461837BD4680BD00BF84AC000889
:104F200080B584B000AFF860B9607A607968B8681D
:104F3000FFF7CEFF034618461037BD4680BD000080
:104F400080B588B004AF786039607B68FB60FB682F
:104F50005B681B0EFB72FB685B681B0CBB72FB681B
:104F60005B681B0A7B72FB685B683B72F87ABB7AF2
:104F70007A7A397A0291019200930346044A102109
:104F8000386804F051F8002318461037BD4680BD3C
:104F900084AC000880B582B000AF7860786800F01B
:104FA000E7F8034618460837BD4680BD80B582B095
:104FB00000AF786039603968786800F055F90346C9
:104FC00018460837BD4680BD80B584B000AFF86094
:104FD000B9607A607A68B968F86800F0A7F90346A2
:104FE00018461037BD4680BD80B584B000AFF8606C
:104FF000B9607A607A68B968F86800F06BFA0346BD
:1050000018461037BD4680BD80B584B000AF7860CB
:1050100000F0A4F8B8600023FB6020E0BA68FB68E9
:10502000342101FB03F3134480331B68002B13D09E
:10503000BA68FB68342101FB03F31344A8331B68EF
:105040001A467B68934207D1FB68342202FB03F3C4
:105050008033BA68134406E0FB680133FB60FB68E9
:10506000042BDBDD002318461037BD4680BD80B51C
:105070008AB000AF78607B68DB6F7B6100233B61A7
:1050800000233B6200237B620023FB610023BB61A2
:105090007B69DB6807F10F014FF0FF3278699847B1
:1050A0000346002B54D17B6A022B2AD07B6A022B49
:1050B000EEDC7B6A002B03D07B6A012B0AD046E032
:1050C000FB7B2C2B3ED101237B623869FFF79CFFD1
:1050D000B86137E0FB7B3A2B02D102237B6236E0DA
:1050E000FB7B2F2B30D9FB7B392B2DD83A6A13460B
:1050F0009B0013445B001A46FB7B303B13443B622E
:1051000022E0FA693B6A9A420ADABB69002B07D0AF
:10511000BB69186B07F10F0100230022FCF7CCFAE2
:10512000FB690133FB61FA693B6A9A420EDBBB699A
:10513000002B0FD0BB69D86A002300220021FCF7A6
:10514000BBFA07E000BFA3E700BFA1E700BF9FE7EE
:1051500000BF00E000BF2837BD4680BD80B400AF6F
:10516000024B1846BD4680BC704700BF300200208D
:1051700090B587B002AF78607868FCF78DF8034689
:10518000334AD367324BDB6F002B02D14FF0FF3332
:1051900059E02F4BDB6F5C682D4BD86F01230093D8
:1051A0004E2308224FF4E131A0470120FCF76BFAAF
:1051B0000346274A5360264B5B68002B02D14FF011
:1051C000FF3340E0032200210120FCF7CDF9034624
:1051D0001F4A93601E4B9B68002B07D11C4B5B68DA
:1051E0001846FCF7EFFE4FF0FF332CE0194B01930C
:1051F00004230093164B4FF4806217491748FDF7BC
:105200009EF9F860FB68012B02D04FF0FF331AE0E3
:105210004FF47A7301930023009300230022104976
:105220000B48FFF707FE4FF4FA60FDF777FB4FF4EA
:105230007A73019300230093002300220949044854
:10524000FFF7F8FD002318461437BD4690BD00BF98
:1052500030020020E435012098AC0008B955000860
:10526000A8AC0008B4AC000880B5A6B002AF786066
:105270003960FFF773FFC7F88C004FF47A7301931E
:1052800000230093002300222449D7F88C00FFF765
:10529000D1FD0346002B02D04FF0FF3339E03B68CD
:1052A000002B09D007F10C003B6800937B681C4A77
:1052B000802103F0B9FE06E007F10C007B68194A73
:1052C000802103F0B1FE07F10C0142F2107301934B
:1052D0000023009300230022D7F88C00FFF7AAFDDB
:1052E0000346002B02D04FF0FF3312E04FF47A73E5
:1052F000019300230093002300220B49D7F88C0070
:10530000FFF798FD0346002B02D04FF0FF3300E07B
:10531000002318469037BD4680BD00BFBCAC0008D6
:10532000CCAC0008E4AC0008F8AC000880B586B04E
:1053300000AFF860B9607A6000237B610CE03C4A02
:105340007B69342101FB03F3134480331B68002B7A
:1053500006D07B6901337B617B69042BEFDD00E0C4
:1053600000BF7B69042B02DD4FF0FF335CE0304A65
:105370007B69342101FB03F31344803301221A605B
:105380002B4A7B69342101FB03F313448433BA684D
:105390001A60274A7B69342101FB03F31344AC33C1
:1053A0001B68002B1AD1032200210120FCF7DCF836
:1053B00002461F497B69342000FB03F30B44AC33E6
:1053C0001A601B4A7B69342101FB03F31344AC339D
:1053D0001B68002B02D14FF0FF3325E0144A7B6994
:1053E000342101FB03F31344B0331B68002B1AD1A3
:1053F000002204216420FCF7B7F802460C497B69BF
:10540000342000FB03F30B44B0331A60084A7B6975
:10541000342101FB03F31344B0331B68002B02D18A
:105420004FF0FF3300E07B6918461837BD4680BD5A
:105430003002002080B58AB000AFFFF78FFEF86120
:105440003B1D00221A605A609A60DA601A610023DC
:105450007B6222E0FA697B6A342101FB03F3134487
:1054600080331B68002B15D0FA697B6A342101FB5D
:1054700003F31344A8331B68BB61BB69002B09DB32
:10548000BB69042B06DCBB699B0028333B4401222B
:1054900043F8242C7B6A01337B627B6A042BD9DDC1
:1054A00000233B620CE03B6A9B0028333B4453F8EB
:1054B000243C002B01D13B6A07E03B6A01333B628D
:1054C0003B6A042BEFDD4FF0FF3318462837BD460B
:1054D00080BD000080B5A0B002AFF860B9607A600E
:1054E000FFF73CFE7867FB68342202FB03F380334E
:1054F0007A6F13443B67FFF79DFFF866FB6E002B46
:1055000002DA4FF0FF334CE007F124034022002180
:10551000184603F0E1FE07F1140300221A605A60F6
:105520009A60DA60BB68BB66BB6E5B885BBAA7F843
:10553000663007F114031946B868FFF701FD3B6FA9
:105540005B68012B0DD1B7F8663007F12400019399
:1055500007F114030093154BFA6E154903F096FDFD
:105560000CE0B7F8663007F12400019307F114034B
:105570000093104BFA6E0E4903F088FD07F12401E9
:105580004FF47A7301930023009300230022786F75
:10559000FFF750FC0346002B02D04FF0FF3300E032
:1055A000002318467837BD4680BD00BF8CAD00088B
:1055B00090AD0008ACAD000880B5A0B000AF786039
:1055C0007B68BB67BB6FDB6F7B670023FB677B6F11
:1055D000DB6807F173014FF0FF32786F984703469D
:1055E000002B71D1FB6F5A1CFA6797F87320803338
:1055F0003B4403F8742CFB6F632B01DD0023FB6736
:1056000007F10C02FB6F134400221A7007F10C0320
:105610002E49184603F068FE0346002B05D0B86FEC
:10562000FFF725FD0023FB674FE097F873300A2B47
:105630001ED1BB6F5B6F132B18D8BB6F1B6F08336A
:10564000BA6F1344181DFB6F01331A4607F10C03A0
:10565000194603F02DFFBB6F5B6F5A1CBB6F5A6777
:10566000BB6F1A6FFB6F1A44BB6F1A670023FB678F
:1056700007F10C031649184603F036FE0346002BCB
:1056800008D107F10C031349184603F02DFE034619
:10569000002B9CD007F10C030D49184603F024FEA3
:1056A0000346002B03D0BB6F00229A6702E0BB6F5A
:1056B00001229A67BB6F9868002300220021FBF744
:1056C000FBFF0023FB6782E700BF80E7E0AD000837
:1056D000E8AD0008F0AD000880B500AF03F040F978
:1056E00000BF80BD80B400AF00BFBD4680BC704726
:1056F00080B500AFFFF7F0FF00BF80BD80B584B07C
:1057000000AF00F05FF81F4BFB6019E00023BB60A7
:105710000EE0FB681A68BB689B001A44FB68596876
:10572000BB689B000B4412681A60BB680133BB6006
:10573000FB689B68BA689A42EBD3FB680C33FB604A
:10574000FB68114A9342E1D3104B7B6014E00023C5
:105750003B6009E07B681A683B689B0013440022A9
:105760001A603B6801333B607B685B683A689A4229
:10577000F0D37B6808337B607B68054A9342E6D3AD
:10578000FAF74CFD98AF0008A4AF0008A4AF0008DA
:10579000A4AF000880B400AF00BFFDE780B400AF45
:1057A00000BFFDE780B400AF00BFFDE780B400AFED
:1057B00000BFFDE780B400AF00BFFDE780B400AFDD
:1057C00000BFFDE780B400AF054BD3F88830044A32
:1057D00043F47003C2F8883000BFBD4680BC7047F8
:1057E00000ED00E080B485B000AF78607B6803F026
:1057F0000703FB600C4BDB68BB60BA684FF6FF0326
:105800001340BB60FB681A02BB68134343F0BF63DD
:1058100043F40033BB60044ABB68D36000BF143755
:10582000BD4680BC704700BF00ED00E080B400AF13
:10583000044BDB681B0A03F007031846BD4680BC17
:10584000704700BF00ED00E080B483B000AF0346B6
:10585000FB7197F90730002B0BDBFB7903F01F027C
:10586000064997F907305B09012000FA02F241F876
:10587000232000BF0C37BD4680BC704700E100E02C
:1058800080B483B000AF03463960FB7197F90730ED
:10589000002B0ADB3B68DAB20C4997F9073012019A
:1058A000D2B20B4483F800230AE03B68DAB208491D
:1058B000FB7903F00F03043B1201D2B20B441A76BA
:1058C00000BF0C37BD4680BC704700BF00E100E060
:1058D00000ED00E080B489B000AFF860B9607A6094
:1058E000FB6803F007037B617B69033B042B04D84F
:1058F0007B69C3F10703FB6101E00423FB617B6962
:105900000433062B03D97B69033BBB6101E0002311
:10591000BB614FF0FF32FB6902FA03F3DA43BB6865
:105920001A40BB699A404FF0FF31BB6901FA03F39B
:10593000D9437B680B40134318462437BD4680BCCF
:105940007047000080B582B000AF78607B68013B93
:10595000B3F1807F01D301230FE00A4A7B68013B4A
:1059600053600F214FF0FF30FFF78AFF054B0022F5
:105970009A60044B07221A60002318460837BD4678
:1059800080BD00BF10E000E080B582B000AF78605D
:105990007868FFF727FF00BF0837BD4680BD80B598
:1059A00086B000AF0346B9607A60FB7300237B6169
:1059B000FFF73CFF78617A68B9687869FFF78AFF7A
:1059C000024697F90F3011461846FFF759FF00BFFE
:1059D0001837BD4680BD80B582B000AF0346FB716D
:1059E00097F907301846FFF72FFF00BF0837BD466D
:1059F00080BD80B582B000AF78607868FFF7A2FF05
:105A0000034618460837BD4680BD000080B586B005
:105A100000AF786000237B6103F00CF838617B688D
:105A2000002B01D1012399E07B68022283F8352005
:105A30007B68002283F834207B681B681A687B68C7
:105A40001B6822F001021A600FE002F0F3FF024629
:105A50003B69D31A052B08D97B6820225A657B68DD
:105A6000032283F83520032378E07B681B681B68DA
:105A700003F00103002BE8D17B681B681B687B6186
:105A80007A69384B13407B617B685A687B689B68F6
:105A90001A437B68DB681A437B681B691A437B687F
:105AA0005B691A437B689B691A437B68DB691A430D
:105AB0007B681B6A13437A6913437B617B685B6A6B
:105AC000042B07D17B68DA6A7B681B6B13437A6906
:105AD00013437B617B681B687A691A607B681B686B
:105AE0005B697B617B6923F007037B617B685B6A91
:105AF0007A6913437B617B685B6A042B17D17B68EF
:105B00009B6A7A6913437B617B68DB6A002B0ED04A
:105B1000786800F0FFFA0346002B08D07B6840222B
:105B20005A657B68012283F83520012316E07B68E3
:105B30001B687A695A61786800F0B8FA0346FB601E
:105B40007B68DB6D3F229A40FB689A607B6800228D
:105B50005A657B68012283F83520002318461837E0
:105B6000BD4680BD3F8010F080B586B000AFF860C4
:105B7000B9607A603B600023FB75FB689B6D3B61FD
:105B8000FB6893F83430012B01D1022340E0FB681D
:105B9000012283F83420FB6893F83530DBB2012B07
:105BA0002FD1FB68022283F83520FB6800225A655A
:105BB0003B687A68B968F86800F04AFAFB68DB6D00
:105BC0003F229A403B699A60FB681B681A68FB6831
:105BD0001B6842F016021A60FB681B6C002B07D092
:105BE000FB681B681A68FB681B6842F008021A60B1
:105BF000FB681B681A68FB681B6842F001021A60A8
:105C000005E0FB68002283F834200223FB75FB7D4E
:105C100018461837BD4680BD80B584B000AF7860A7
:105C20007B689B6DFB6002F005FFB8607B6893F8B2
:105C30003530DBB2022B08D07B6880225A657B6846
:105C4000002283F83420012352E07B681B681A6825
:105C50007B681B6822F016021A607B681B685A6911
:105C60007B681B6822F080025A617B681B6C002BEA
:105C700003D17B689B6C002B07D07B681B681A687C
:105C80007B681B6822F008021A607B681B681A6830
:105C90007B681B6822F001021A6013E002F0CAFE62
:105CA0000246BB68D31A052B0CD97B6820225A65A3
:105CB0007B68032283F835207B68002283F8342038
:105CC000032315E07B681B681B6803F00103002BAE
:105CD000E4D17B68DB6D3F229A40FB689A607B6869
:105CE000012283F835207B68002283F834200023CA
:105CF00018461037BD4680BD80B483B000AF7860D1
:105D00007B6893F83530DBB2022B04D07B688022AD
:105D10005A6501230CE07B68052283F835207B68F7
:105D20001B681A687B681B6822F001021A60002356
:105D300018460C37BD4680BC7047000080B586B061
:105D400000AF78600023BB608E4B1B688E4AA2FBBD
:105D500003239B0A7B617B689B6D3B613B691B68EE
:105D6000FB607B68DB6D08229A40FB681340002BC8
:105D70001AD07B681B681B6803F00403002B13D048
:105D80007B681B681A687B681B6822F004021A6033
:105D90007B68DB6D08229A403B699A607B685B6D8B
:105DA00043F001027B685A657B68DB6D01229A40F3
:105DB000FB681340002B12D07B681B685B6903F003
:105DC0008003002B0BD07B68DB6D01229A403B697E
:105DD0009A607B685B6D43F002027B685A657B6862
:105DE000DB6D04229A40FB681340002B12D07B68C5
:105DF0001B681B6803F00203002B0BD07B68DB6D74
:105E000004229A403B699A607B685B6D43F0040210
:105E10007B685A657B68DB6D10229A40FB681340F3
:105E2000002B43D07B681B681B6803F00803002B22
:105E30003CD07B68DB6D10229A403B699A607B689E
:105E40001B681B6803F48023002B18D07B681B6839
:105E50001B6803F40023002B08D17B681B6C002B0C
:105E600024D07B681B6C786898471FE07B689B6C2C
:105E7000002B1BD07B689B6C7868984716E07B688A
:105E80001B681B6803F48073002B07D17B681B68B9
:105E90001A687B681B6822F008021A607B681B6C1A
:105EA000002B03D07B681B6C786898477B68DB6DA0
:105EB00020229A40FB681340002B00F08F807B6803
:105EC0001B681B6803F01003002B00F087807B68C1
:105ED000DB6D20229A403B699A607B6893F83530ED
:105EE000DBB2052B36D17B681B681A687B681B68A0
:105EF00022F016021A607B681B685A697B681B686F
:105F000022F080025A617B681B6C002B03D17B68F6
:105F10009B6C002B07D07B681B681A687B681B682A
:105F200022F008021A607B68DB6D3F229A403B69D1
:105F30009A607B68012283F835207B68002283F811
:105F400034207B681B6D002B7ED07B681B6D7868CE
:105F5000984779E07B681B681B6803F48023002B5B
:105F60001DD07B681B681B6803F40023002B0DD138
:105F70007B685B6C002B31D07B685B6C78689847E2
:105F80002CE000BFB4030020B5814E1B7B68DB6BA7
:105F9000002B23D07B68DB6B786898471EE07B681A
:105FA0001B681B6803F48073002B0FD17B681B6890
:105FB0001A687B681B6822F010021A607B68012255
:105FC00083F835207B68002283F834207B68DB6B04
:105FD000002B03D07B68DB6B786898477B685B6D30
:105FE000002B32D07B685B6D03F00103002B22D0C5
:105FF0007B68052283F835207B681B681A687B68FC
:106000001B6822F001021A60BB680133BB607A6929
:106010009A4207D37B681B681B6803F00103002BBF
:10602000F2D100E000BF7B68012283F835207B6855
:10603000002283F834207B68DB6C002B05D07B6862
:10604000DB6C7868984700E000BF1837BD4680BD1C
:1060500080B485B000AFF860B9607A603B60FB68DF
:106060001B681A68FB681B6822F480221A60FB68B0
:106070001B683A685A60FB689B68402B08D1FB6834
:106080001B687A689A60FB681B68BA68DA6007E088
:10609000FB681B68BA689A60FB681B687A68DA60FC
:1060A00000BF1437BD4680BC7047000080B485B087
:1060B00000AF78607B681B68DBB2103B134AA2FB21
:1060C00003231B09FB60124AFB6813441B781A4622
:1060D0007B68DA65FB68032B09D97B681B6823F4AE
:1060E0007F7323F003031A1D7B689A6507E07B68C2
:1060F0001B6823F47F7323F003037A6893657B683E
:106100009B6D18461437BD4680BC7047ABAAAAAA3F
:1061100024AE000880B485B000AF78600023FB7324
:106120007B689B6ABB607B689B69002B23D1BB6843
:10613000032B5FD0BB68032B5ED8BB68022B09D052
:10614000BB68022B58D8BB68002B03D0BB68012B5F
:1061500009D051E07B68DB6A03F08073002B4DD0DF
:106160000123FB734AE07B68DB6AB3F1C07F47D150
:106170000123FB7344E07B689B69B3F5005F26D184
:10618000BB68032B1BD0BB68032B3BD8BB68022B1F
:1061900009D0BB68022B35D8BB68002B03D0BB6885
:1061A000012B03D02EE00123FB7332E07B68DB6A16
:1061B00003F08073002B27D00123FB7324E07B685E
:1061C000DB6AB3F1C07F21D10123FB731EE0BB6802
:1061D000022B03D9BB68032B03D01AE00123FB7306
:1061E00017E07B68DB6A03F08073002B10D001237B
:1061F000FB730DE000BF0CE000BF0AE000BF08E049
:1062000000BF06E000BF04E000BF02E000BF00E006
:1062100000BFFB7B18461437BD4680BC70470000AA
:1062200080B489B000AF7860396000237B610023BF
:106230003B610023BB610023FB616BE10122FB6931
:1062400002FA03F37B613B681B687A6913403B6188
:106250003A697B699A4240F05A813B685B6803F077
:106260000303012B05D03B685B6803F00303022B9B
:1062700030D17B689B68BB61FB695B00032202FA3B
:1062800003F3DB43BA691340BB613B68DA68FB691F
:106290005B0002FA03F3BA691343BB617B68BA6916
:1062A0009A607B685B68BB610122FB6902FA03F3B9
:1062B000DB43BA691340BB613B685B681B0903F0B1
:1062C0000102FB6902FA03F3BA691343BB617B68FD
:1062D000BA695A603B685B6803F00303032B17D06D
:1062E0007B68DB68BB61FB695B00032202FA03F396
:1062F000DB43BA691340BB613B689A68FB695B008A
:1063000002FA03F3BA691343BB617B68BA69DA60C6
:106310003B685B6803F00303022B23D1FB69DA08B7
:106320007B68083253F82230BB61FB6903F0070336
:106330009B000F2202FA03F3DB43BA691340BB61EF
:106340003B681A69FB6903F007039B0002FA03F339
:10635000BA691343BB61FB69DA087B680832B96923
:1063600043F822107B681B68BB61FB695B0003225A
:1063700002FA03F3DB43BA691340BB613B685B6815
:1063800003F00302FB695B0002FA03F3BA691343EB
:10639000BB617B68BA691A603B685B6803F4403391
:1063A000002B00F0B4800023FB605F4B5B6C5E4A07
:1063B00043F4804353645C4B5B6C03F48043FB60A9
:1063C000FB685A4AFB699B08023352F82330BB61D1
:1063D000FB6903F003039B000F2202FA03F3DB4384
:1063E000BA691340BB617B68514A93422BD07B68EA
:1063F000504A934225D07B684F4A93421FD07B6816
:106400004E4A934219D07B684D4A934213D07B6821
:106410004C4A93420DD07B684B4A934207D07B682D
:106420004A4A934201D107230EE008230CE00623D9
:106430000AE0052308E0042306E0032304E0022326
:1064400002E0012300E00023FA6902F00302920057
:106450009340BA691343BB613449FB699B0802331B
:10646000BA6941F823203A4B9B68BB613B69DB4327
:10647000BA691340BB613B685B6803F48013002B6F
:1064800003D0BA693B691343BB61314ABB6993606E
:106490002F4BDB68BB613B69DB43BA691340BB61CF
:1064A0003B685B6803F40013002B03D0BA693B69B7
:1064B0001343BB61264ABB69D360254B5B68BB6154
:1064C0003B69DB43BA691340BB613B685B6803F41B
:1064D0000033002B03D0BA693B691343BB611C4AEC
:1064E000BB6953601A4B1B68BB613B69DB43BA69EC
:1064F0001340BB613B685B6803F48033002B03D01F
:10650000BA693B691343BB61114ABB691360FB69FC
:106510000133FB61FB690F2B7FF690AE00BF00BF1C
:106520002437BD4680BC7047003802400038014027
:10653000000002400004024000080240000C02403B
:10654000001002400014024000180240001C0240EB
:10655000003C014080B485B000AF78600B467B8082
:106560007B681A697B881340002B02D00123FB73E0
:1065700001E00023FB73FB7B18461437BD4680BC4B
:106580007047000080B586B000AF78607B68002B54
:1065900001D1012367E27B681B6803F00103002B34
:1065A00075D0884B9B6803F00C03042B0CD0854BF3
:1065B0009B6803F00C03082B12D1824B5B6803F439
:1065C0008003B3F5800F0BD17E4B1B6803F40033BF
:1065D000002B5BD07B685B68002B57D1012342E224
:1065E0007B685B68B3F5803F06D1764B1B68754AC4
:1065F00043F4803313601DE07B685B68B3F5A02F24
:106600000CD1704B1B686F4A43F4802313606D4BB1
:106610001B686C4A43F4803313600BE0694B1B68C2
:10662000684A23F480331360664B1B68654A23F481
:10663000802313607B685B68002B13D002F0FAF9AB
:10664000386108E002F0F6F902463B69D31A642B80
:1066500001D9032307E25B4B1B6803F40033002BD3
:10666000F0D014E002F0E6F9386108E002F0E2F957
:1066700002463B69D31A642B01D90323F3E1514B42
:106680001B6803F40033002BF0D100E000BF7B68EF
:106690001B6803F00203002B63D04A4B9B6803F096
:1066A0000C03002B0BD0474B9B6803F00C03082B0B
:1066B0001CD1444B5B6803F48003002B16D1414B83
:1066C0001B6803F00203002B05D07B68DB68012BFD
:1066D00001D00123C7E13B4B1B6823F0F8027B6824
:1066E0001B69DB00374913430B603AE07B68DB68CA
:1066F000002B20D0344B01221A6002F09BF9386144
:1067000008E002F097F902463B69D31A022B01D93F
:106710000323A8E12B4B1B6803F00203002BF0D0EE
:10672000284B1B6823F0F8027B681B69DB002549B6
:1067300013430B6015E0244B00221A6002F07AF933
:10674000386108E002F076F902463B69D31A022B61
:1067500001D9032387E11B4B1B6803F00203002BC5
:10676000F0D17B681B6803F00803002B36D07B68F0
:106770005B69002B16D0154B01221A6002F05AF902
:10678000386108E002F056F902463B69D31A022B41
:1067900001D9032367E10B4B5B6F03F00203002B6E
:1067A000F0D01BE0094B00221A6002F043F9386177
:1067B0000EE002F03FF902463B69D31A022B07D9DB
:1067C000032350E10038024000004742800E474258
:1067D000884B5B6F03F00203002BEAD17B681B68D8
:1067E00003F00403002B00F097800023FB75814B1E
:1067F0001B6C03F08053002B0FD10023BB607D4B3B
:106800001B6C7C4A43F0805313647A4B1B6C03F07F
:106810008053BB60BB680123FB75774B1B6803F497
:106820008073002B18D1744B1B68734A43F4807338
:10683000136002F0FFF8386108E002F0FBF802464E
:106840003B69D31A022B01D903230CE16A4B1B6865
:1068500003F48073002BF0D07B689B68012B06D17A
:10686000644B1B6F634A43F0010313671CE07B68B2
:106870009B68052B0CD15F4B1B6F5E4A43F00403F2
:1068800013675C4B1B6F5B4A43F0010313670BE01C
:10689000584B1B6F574A23F001031367554B1B6F6F
:1068A000544A23F0040313677B689B68002B15D0C0
:1068B00002F0C0F838610AE002F0BCF802463B6919
:1068C000D31A41F28832934201D90323CBE0494BDA
:1068D0001B6F03F00203002BEED014E002F0AAF8C5
:1068E00038610AE002F0A6F802463B69D31A41F289
:1068F0008832934201D90323B5E03E4B1B6F03F06E
:106900000203002BEED1FB7D012B05D1394B1B6C13
:10691000384A23F0805313647B689B69002B00F096
:10692000A180344B9B6803F00C03082B5CD07B6880
:106930009B69022B41D1314B00221A6002F07AF898
:10694000386108E002F076F802463B69D31A022B60
:1069500001D9032387E0274B1B6803F00073002B4A
:10696000F0D17B68DA697B681B6A1A437B685B6AD3
:106970009B011A437B689B6A5B08013B1B041A431B
:106980007B68DB6A1B061B4913434B601B4B0122D0
:106990001A6002F04FF8386108E002F04BF8024646
:1069A0003B69D31A022B01D903235CE0114B1B680E
:1069B00003F00073002BF0D054E0104B00221A605B
:1069C00002F038F8386108E002F034F802463B691A
:1069D000D31A022B01D9032345E0064B1B6803F0B1
:1069E0000073002BF0D13DE07B689B69012B07D140
:1069F000012338E000380240007000406000474248
:106A00001B4B5B68FB607B689B69012B28D0FB6894
:106A100003F480027B68DB699A4221D1FB6803F0B2
:106A20003F027B681B6A9A421AD1FA6847F6C07324
:106A300013407A68526A9201934211D1FB6803F4C1
:106A400040327B689B6A5B08013B1B049A4207D17A
:106A5000FB6803F070627B68DB6A1B069A4201D018
:106A6000012300E0002318461837BD4680BD00BF53
:106A70000038024080B584B000AF786039607B6830
:106A8000002B01D10123CCE0684B1B6803F0070306
:106A90003A689A420CD9654B3A68D2B21A70634B85
:106AA0001B6803F007033A689A4201D00123B8E05B
:106AB0007B681B6803F00203002B20D07B681B68F7
:106AC00003F00403002B05D0594B9B68584A43F44C
:106AD000E05393607B681B6803F00803002B05D02C
:106AE000534B9B68524A43F460439360504B9B68FE
:106AF00023F0F0027B689B684D4913438B607B68F1
:106B00001B6803F00103002B44D07B685B68012BFA
:106B100007D1474B1B6803F40033002B19D1012325
:106B20007FE07B685B68022B03D07B685B68032B8C
:106B300007D13F4B1B6803F00073002B09D10123E1
:106B40006FE03B4B1B6803F00203002B01D10123D4
:106B500067E0374B9B6823F003027B685B6834492E
:106B600013438B6001F066FFF8600AE001F062FFFA
:106B70000246FB68D31A41F28832934201D90323BB
:106B80004FE02B4B9B6803F00C027B685B689B001B
:106B90009A42EBD1254B1B6803F007033A689A42EF
:106BA0000CD2224B3A68D2B21A70204B1B6803F009
:106BB00007033A689A4201D0012332E07B681B68E0
:106BC00003F00403002B08D0194B9B6823F4E05218
:106BD0007B68DB68164913438B607B681B6803F096
:106BE0000803002B09D0124B9B6823F460427B689A
:106BF0001B69DB000E4913438B6000F021F802464D
:106C00000B4B9B681B0903F00F030A49CB5C22FA6C
:106C100003F3094A1360094B1B68184601F0C8FECC
:106C2000002318461037BD4680BD00BF003C02401F
:106C3000003802400CAE0008B4030020B803002066
:106C40002DE9B04F94B000AF00237B640023FB64B8
:106C500000233B640023BB64794B9B6803F00C0367
:106C6000082B0DD0082B00F2E180002B02D0042B62
:106C700003D0DBE0734BBB64DBE0734BBB64D8E059
:106C80006F4B5B6803F03F037B646D4B5B6803F401
:106C90008003002B63D06A4B5B689B090022BB63B7
:106CA000FA63BB6BC3F308033B6300237B63D7E941
:106CB0000C4522462B464FF000004FF000015901D1
:106CC00041EAD261500102460B462146511A396110
:106CD000294663EB01037B614FF000024FF0000394
:106CE000D7E904AB59468B01514643EA91635146BB
:106CF0008A015146B2EB0108594663EB01094FF096
:106D000000024FF000034FEAC90343EA58734FEA09
:106D1000C80290469946234618EB0303BB602B46F6
:106D200049EB0303FB604FF000024FF00003D7E98B
:106D3000024529464B02214643EAD15321464A02E5
:106D4000104619467B6C0022BB62FA62D7E90A231F
:106D500001F07AFE02460B461346FB6458E0384BBE
:106D60005B689B09002218461146C0F308033B628A
:106D700000237B62D7E9088942464B464FF000006A
:106D80004FF00001590141EAD261500102460B4621
:106D90004146B2EB010A494663EB010B4FF000029A
:106DA0004FF000034FEA8B1343EA9A634FEA8A12CB
:106DB000B2EB0A0463EB0B054FF000024FF0000347
:106DC000EB0043EA5473E20014461D464346E318C1
:106DD0003B604B4645EB03037B604FF000024FF0F6
:106DE0000003D7E9004529468B02214643EA915327
:106DF00021468A02104619467B6C0022BB61FA616B
:106E0000D7E9062301F020FE02460B461346FB6439
:106E10000B4B5B681B0C03F0030301335B003B640B
:106E2000FA6C3B6CB2FBF3F3BB6402E0054BBB6452
:106E300000BFBB6C18465037BD46BDE8B08F00BFE1
:106E4000003802400024F40000127A0080B400AF41
:106E5000024B1B681846BD4680BC7047B403002037
:106E600080B500AFFFF7F2FF0246054B9B689B0A17
:106E700003F007030349CB5C22FA03F3184680BDF5
:106E8000003802401CAE000880B500AFFFF7DEFFFF
:106E90000246054B9B685B0B03F007030349CB5C81
:106EA00022FA03F3184680BD003802401CAE0008E9
:106EB00080B483B000AF786000BF0C37BD4680BCA3
:106EC000704780B483B000AF786000BF0C37BD4618
:106ED00080BC704780B582B000AF78607B68002BC3
:106EE00001D1012341E07B6893F83D30DBB2002BF8
:106EF00006D17B68002283F83C207868F9F7C0FE51
:106F00007B68022283F83D207B681A687B68043323
:106F10001946104600F0B0F97B68012283F846203C
:106F20007B68012283F83E207B68012283F83F20A2
:106F30007B68012283F840207B68012283F841208E
:106F40007B68012283F842207B68012283F843207A
:106F50007B68012283F844207B68012283F8452066
:106F60007B68012283F83D20002318460837BD4680
:106F700080BD000080B485B000AF78607B6893F876
:106F80003D30DBB2012B01D001234EE07B680222B1
:106F900083F83D207B681B68DA687B681B6842F0D9
:106FA0000102DA607B681B68224A934222D07B6828
:106FB0001B68B3F1804F1DD07B681B681E4A93424B
:106FC00018D07B681B681D4A934213D07B681B68EE
:106FD0001B4A93420ED07B681B681A4A934209D021
:106FE0007B681B68184A934204D07B681B68174A69
:106FF000934211D17B681B689B6803F00703FB6019
:10700000FB68062B10D07B681B681A687B681B68BE
:1070100042F001021A6007E07B681B681A687B680F
:107020001B6842F001021A60002318461437BD465F
:1070300080BC704700000140000400400008004090
:10704000000C0040000401400040014000180040D6
:1070500080B584B000AF78607B681B68DB68FB603C
:107060007B681B681B69BB60BB6803F00203002BD5
:1070700020D0FB6803F00203002B1BD07B681B6849
:107080006FF002021A617B6801221A777B681B6825
:107090009B6903F00303002B03D0786800F0D1F85C
:1070A00005E0786800F0C4F8786800F0D3F87B68F1
:1070B00000221A77BB6803F00403002B20D0FB6882
:1070C00003F00403002B1BD07B681B686FF00402E5
:1070D0001A617B6802221A777B681B689B6903F43C
:1070E0004073002B03D0786800F0ABF805E07868B7
:1070F00000F09EF8786800F0ADF87B6800221A77FF
:10710000BB6803F00803002B20D0FB6803F00803E2
:10711000002B1BD07B681B686FF008021A617B682C
:1071200004221A777B681B68DB6903F00303002BDA
:1071300003D0786800F085F805E0786800F078F80A
:10714000786800F087F87B6800221A77BB6803F044
:107150001003002B20D0FB6803F01003002B1BD082
:107160007B681B686FF010021A617B6808221A772F
:107170007B681B68DB6903F44073002B03D07868DD
:1071800000F05FF805E0786800F052F8786800F0E9
:1071900061F87B6800221A77BB6803F00103002BBB
:1071A0000CD0FB6803F00103002B07D07B681B6841
:1071B0006FF001021A617868F9F792FDBB6803F07D
:1071C0008003002B0CD0FB6803F08003002B07D05A
:1071D0007B681B686FF080021A617868FFF771FEA8
:1071E000BB6803F04003002B0CD0FB6803F04003A6
:1071F000002B07D07B681B686FF040021A6178682B
:1072000000F031F8BB6803F02003002B0CD0FB68C2
:1072100003F02003002B07D07B681B686FF020026F
:107220001A617868FFF744FE00BF1037BD4680BD85
:1072300080B483B000AF786000BF0C37BD4680BC1F
:10724000704780B483B000AF786000BF0C37BD4694
:1072500080BC704780B483B000AF786000BF0C374B
:10726000BD4680BC704780B483B000AF786000BF7B
:107270000C37BD4680BC704780B485B000AF7860E5
:1072800039607B681B68FB607B68454A934213D07A
:107290007B68B3F1804F0FD07B68424A93420BD09A
:1072A0007B68414A934207D07B68404A934203D0AF
:1072B0007B683F4A934208D1FB6823F07003FB6070
:1072C0003B685B68FA681343FB607B68344A93420F
:1072D0002BD07B68B3F1804F27D07B68314A934233
:1072E00023D07B68304A93421FD07B682F4A934259
:1072F0001BD07B682E4A934217D07B682D4A93425D
:1073000013D07B682C4A93420FD07B682B4A934260
:107310000BD07B682A4A934207D07B68294A934264
:1073200003D07B68284A934208D1FB6823F440735A
:10733000FB603B68DB68FA681343FB60FB6823F083
:1073400080023B685B691343FB607B68FA681A60E4
:107350003B689A687B68DA623B681A687B689A6265
:107360007B680F4A934203D07B68114A934203D152
:107370003B681A697B681A637B6801225A617B68E3
:107380001B6903F00103012B05D17B681B6923F006
:1073900001027B681A6100BF1437BD4680BC70478C
:1073A000000001400004004000080040000C0040C4
:1073B00000040140004001400044014000480140F9
:1073C00000180040001C00400020004080B582B042
:1073D00000AF78607B68002B01D1012342E07B681D
:1073E00093F84130DBB2002B06D17B68002283F892
:1073F00040207868F9F708FD7B68242283F8412053
:107400007B681B68DA687B681B6822F40052DA60CC
:10741000786801F031F87B681B681A697B681B6823
:1074200022F490421A617B681B685A697B681B686A
:1074300022F02A025A617B681B68DA687B681B6845
:1074400042F40052DA607B6800225A647B68202292
:1074500083F841207B68202283F842207B68002249
:107460005A63002318460837BD4680BD80B58AB0F0
:1074700002AFF860B9603B601346FB8000237B617C
:10748000FB6893F84130DBB2202B75D1BB68002B31
:1074900002D0FB88002B01D101236EE0FB680022A3
:1074A0005A64FB68212283F8412001F0C3FA786115
:1074B000FB68FA889A84FB68FA88DA84FB689B6820
:1074C000B3F5805F08D1FB681B69002B04D1002352
:1074D000FB61BB68BB6103E0BB68FB610023BB6170
:1074E0002EE03B6800937B6900228021F86800F061
:1074F0000EFD0346002B05D0FB68202283F84120B7
:1075000003233AE0FB69002B0BD1BB691B881A46A9
:10751000FB681B68C2F308025A60BB690233BB6197
:1075200007E0FB691A78FB681B685A60FB69013346
:10753000FB61FB68DB8C9BB2013B9AB2FB68DA848F
:10754000FB68DB8C9BB2002BCBD13B6800937B6943
:1075500000224021F86800F0DAFC0346002B05D039
:10756000FB68202283F84120032306E0FB682022E9
:1075700083F84120002300E0022318462037BD464F
:1075800080BD000080B58CB000AFF860B9601346D4
:10759000FB80FB6893F84130DBB2202B56D1BB68EF
:1075A000002B02D0FB88002B01D101234FE0BA68E9
:1075B000FB681A62FB68FA889A84FB68FA88DA84A6
:1075C000FB6800225A64FB68212283F84120FB6893
:1075D0009B6B214ADA63FB689B6B204A1A64FB6849
:1075E0009B6B1F4ADA64FB689B6B00221A6507F1EC
:1075F0000803FB62FB68986BFB6A1968FB681B68F1
:1076000004331A46FB88FEF7AFFAFB681B686FF07D
:1076100040021A60FB681B681433BB61BB6953E806
:10762000003F7B617B6943F08003BB62FB681B68A2
:107630001433BA6A7A623B62396A7A6A41E8002393
:10764000FB61FB69002BE5D1002300E00223184613
:107650003037BD4680BD00BF657C0008FF7C000858
:10766000837E000880B58CB000AFF860B960134627
:10767000FB80FB6893F84230DBB2202B4AD1BB6819
:10768000002B02D0FB88002B01D1012343E0FB68D3
:1076900001221A63FB6800225A63FB881A46B96804
:1076A000F86800F08DFC034687F82F3097F82F30EC
:1076B000002B2CD1FB681B6B012B25D100233B61D8
:1076C000FB681B681B683B61FB681B685B683B6170
:1076D0003B69FB681B680C33BB61BB6953E8003F27
:1076E0007B617B6943F01003BB62FB681B680C3352
:1076F000BA6A7A623B62396A7A6A41E80023FB61BE
:10770000FB69002BE5D102E0012387F82F3097F8C1
:107710002F3000E0022318463037BD4680BD000000
:1077200080B5BAB000AF78607B681B681B68C7F88B
:10773000E4307B681B68DB68C7F8E0307B681B6857
:107740005B69C7F8DC300023C7F8D8300023C7F8DE
:10775000D430D7F8E43003F00F03C7F8D830D7F8A7
:10776000D830002B0FD1D7F8E43003F02003002BE2
:1077700009D0D7F8E03003F02003002B03D078685D
:1077800000F0BCFD59E2D7F8D830002B00F0DC80C7
:10779000D7F8DC3003F00103002B06D1D7F8E03036
:1077A00003F49073002B00F0CF80D7F8E43003F09F
:1077B0000103002B0BD0D7F8E03003F48073002BCB
:1077C00005D07B685B6C43F001027B685A64D7F894
:1077D000E43003F00403002B0BD0D7F8DC3003F0C7
:1077E0000103002B05D07B685B6C43F002027B68D1
:1077F0005A64D7F8E43003F00203002B0BD0D7F81B
:10780000DC3003F00103002B05D07B685B6C43F098
:1078100004027B685A64D7F8E43003F00803002BB5
:1078200011D0D7F8E03003F02003002B05D1D7F8B2
:10783000DC3003F00103002B05D07B685B6C43F068
:1078400008027B685A647B685B6C002B00F0F08157
:10785000D7F8E43003F02003002B08D0D7F8E0304D
:1078600003F02003002B02D0786800F047FD7B680E
:107870001B685B6903F04003C3F38013DBB2C7F8F6
:10788000D4307B685B6C03F00803002B03D1D7F87E
:10789000D430002B4FD0786800F053FC7B681B6815
:1078A0005B6903F04003402B41D17B681B681433B4
:1078B000C7F89C30D7F89C3053E8003FC7F89830A1
:1078C000D7F8983023F04003C7F8D0307B681B68A6
:1078D0001433D7F8D020C7F8A820C7F8A430D7F8B9
:1078E000A410D7F8A82041E80023C7F8A030D7F8A3
:1078F000A030002BD9D17B68DB6B002B13D07B68C9
:10790000DB6B7E4A1A657B68DB6B1846FEF7F4F981
:107910000346002B16D07B68DB6B1B6D7A68D26B3D
:10792000104698470EE07868F9F742FB0AE078685D
:10793000F9F73EFB06E07868F9F73AFB7B6800222E
:107940005A6475E100BF73E17B681B6B012B40F04B
:107950004F81D7F8E43003F01003002B00F048818A
:10796000D7F8E03003F01003002B00F04181002332
:10797000BB607B681B681B68BB607B681B685B68BF
:10798000BB60BB687B681B685B6903F04003402BEE
:1079900040F0B6807B68DB6B1B685B68A7F8BE3085
:1079A000B7F8BE30002B00F045817B689B8DB7F89F
:1079B000BE209A4280F03E817B68B7F8BE20DA850F
:1079C0007B68DB6BDB69B3F5807F00F088807B68C8
:1079D0001B680C33C7F88830D7F8883053E8003F6D
:1079E000C7F88430D7F8843023F48073C7F8B830F0
:1079F0007B681B680C33D7F8B820C7F89420C7F809
:107A00009030D7F89010D7F8942041E80023C7F8B9
:107A10008C30D7F88C30002BD9D17B681B6814339D
:107A20007B677B6F53E8003F3B673B6F23F00103AD
:107A3000C7F8B4307B681B681433D7F8B420C7F894
:107A40008020FB67F96FD7F8802041E80023BB67EF
:107A5000BB6F002BE1D17B681B6814333B663B6E28
:107A600053E8003FFB65FB6D23F04003C7F8B030DF
:107A70007B681B681433D7F8B020FA66BB66B96E12
:107A8000FA6E41E800237B667B6E002BE3D17B68B6
:107A9000202283F842207B6800221A637B681B68DF
:107AA0000C33FB64FB6C53E8003FBB64BB6C23F0FE
:107AB0001003C7F8AC307B681B680C33D7F8AC20D8
:107AC000BA657B65796DBA6D41E800233B653B6D16
:107AD000002BE3D17B68DB6B1846FEF79DF87B68D3
:107AE00002225A637B689A8D7B68DB8D9BB2D31A26
:107AF0009BB219467868F9F7EBFA9BE00782000819
:107B00007B689A8D7B68DB8D9BB2D31AA7F8CE3049
:107B10007B68DB8D9BB2002B00F08E80B7F8CE30F7
:107B2000002B00F089807B681B680C33BB63BB6B48
:107B300053E8003F7B637B6B23F49073C7F8C83036
:107B40007B681B680C33D7F8C8207A643B64396CB7
:107B50007A6C41E80023FB63FB6B002BE3D17B686D
:107B60001B6814337B627B6A53E8003F3B623B6ACD
:107B700023F00103C7F8C4307B681B681433D7F8BF
:107B8000C4203A63FB62F96A3A6B41E80023BB62A6
:107B9000BB6A002BE3D17B68202283F842207B68FC
:107BA00000221A637B681B680C333B613B6953E816
:107BB000003FFB60FB6823F01003C7F8C0307B6810
:107BC0001B680C33D7F8C020FA61BB61B969FA6948
:107BD00041E800237B617B69002BE3D17B680222B3
:107BE0005A63B7F8CE3019467868F9F771FA23E08E
:107BF000D7F8E43003F08003002B09D0D7F8E03049
:107C000003F08003002B03D0786800F010FB14E031
:107C1000D7F8E43003F04003002B0ED0D7F8E03063
:107C200003F04003002B08D0786800F04FFB04E01D
:107C300000BF02E000BF00E000BFE837BD4680BDE6
:107C400080B483B000AF786000BF0C37BD4680BC05
:107C5000704780B483B000AF786000BF0C37BD467A
:107C600080BC704780B590B000AF78607B689B6B3C
:107C7000FB637B681B681B6803F48073002B37D1A0
:107C8000FB6B0022DA84FB6B1B6814337B627B6A1C
:107C900053E8003F3B623B6A23F08003BB63FB6B0E
:107CA0001B681433BA6B3A63FB62F96A3A6B41E8BA
:107CB0000023BB62BB6A002BE5D1FB6B1B680C3356
:107CC0003B613B6953E8003FFB60FB6843F04003C6
:107CD0007B63FB6B1B680C337A6BFA61BB61B96920
:107CE000FA6941E800237B617B69002BE5D102E062
:107CF000F86BF9F779F900BF4037BD4680BD80B514
:107D000084B000AF78607B689B6BFB60F868FFF71E
:107D100097FF00BF1037BD4680BD80B59CB000AF57
:107D200078607B689B6BFB667B681B681B6803F451
:107D30008073002B72D1FB6E0022DA85FB6E1B680C
:107D40000C33FB64FB6C53E8003FBB64BB6C23F457
:107D50008073BB66FB6E1B680C33BA6EBA657B65BD
:107D6000796DBA6D41E800233B653B6D002BE5D191
:107D7000FB6E1B681433BB63BB6B53E8003F7B6334
:107D80007B6B23F001037B66FB6E1B6814337A6EFA
:107D90007A643B64396C7A6C41E80023FB63FB6BCB
:107DA000002BE5D1FB6E1B6814337B627B6A53E8C2
:107DB000003F3B623B6A23F040033B66FB6E1B685F
:107DC00014333A6E3A63FB62F96A3A6B41E8002376
:107DD000BB62BB6A002BE5D1FB6E202283F84220F8
:107DE000FB6E1B6B012B19D1FB6E1B680C333B61C7
:107DF0003B6953E8003FFB60FB6823F01003FB6521
:107E0000FB6E1B680C33FA6DFA61BB61B969FA69E4
:107E100041E800237B617B69002BE5D1FB6E0022EA
:107E20005A63FB6E1B6B012B06D1FB6E9B8D1946B3
:107E3000F86EF9F74DF902E0F86EF9F7FFF800BFB8
:107E40007037BD4680BD80B584B000AF78607B6878
:107E50009B6BFB60FB6801225A63FB681B6B012B69
:107E600008D1FB689B8D5B089BB21946F868F9F74F
:107E70002FF902E0F868FFF7ECFE00BF1037BD46AF
:107E800080BD80B584B000AF78600023FB607B6864
:107E90009B6BBB60BB681B685B6903F08003C3F32B
:107EA000C013DBB2FB60BB6893F84130DBB2212B1F
:107EB00008D1FB68002B05D0BB680022DA84B868C3
:107EC00000F018F9BB681B685B6903F04003C3F35B
:107ED0008013DBB2FB60BB6893F84230DBB2222B2D
:107EE00008D1FB68002B05D0BB680022DA85B86892
:107EF00000F027F9BB685B6C43F01002BB685A6462
:107F0000B868F9F755F800BF1037BD4680BD80B599
:107F100086B000AFF860B9603B601346FB713BE090
:107F20003B6AB3F1FF3F37D000F084FD02463B6867
:107F3000D31A3A6A9A4202D33B6A002B01D1032337
:107F40003AE0FB681B68DB6803F00403002B23D0D6
:107F5000BB68802B20D0BB68402B1DD0FB681B6802
:107F60001B6803F00803082B16D100237B61FB6814
:107F70001B681B687B61FB681B685B687B617B69B6
:107F8000F86800F0DEF8FB6808225A64FB680022FB
:107F900083F8402001230FE0FB681B681A68BB6868
:107FA0001340BA689A420CBF01230023DBB21A4681
:107FB000FB799A42B4D0002318461837BD4680BDDD
:107FC00080B598B000AFF860B9601346FB80BA681E
:107FD000FB689A62FB68FA889A85FB6800225A64FB
:107FE000FB68222283F84220FB68DB6B3E4ADA639F
:107FF000FB68DB6B3D4A1A64FB68DB6B3C4ADA6466
:10800000FB68DB6B00221A6507F10803FB65FB6860
:10801000D86BFB681B6804331946FB6D1A68FB8834
:10802000FDF7A2FD00233B61FB681B681B683B61F9
:10803000FB681B685B683B613B69FB681B69002B45
:1080400019D0FB681B680C333B643B6C53E8003F62
:10805000FB63FB6B43F48073BB65FB681B680C33ED
:10806000BA6DFA64BB64B96CFA6C41E800237B64B6
:108070007B6C002BE5D1FB681B681433FB62FB6A49
:1080800053E8003FBB62BB6A43F001037B65FB68BA
:108090001B6814337A6DBA637B63796BBA6B41E802
:1080A00000233B633B6B002BE5D1FB681B6814335B
:1080B000BB61BB6953E8003F7B617B6943F04003D0
:1080C0003B65FB681B6814333A6D7A623B62396A20
:1080D0007A6A41E80023FB61FB69002BE5D10023AC
:1080E00018466037BD4680BD1B7D0008477E0008EE
:1080F000837E000880B489B000AF78607B681B681D
:108100000C33FB60FB6853E8003FBB60BB6823F0A7
:10811000C003FB617B681B680C33FA69BA617B6141
:108120007969BA6941E800233B613B69002BE5D1DD
:108130007B68202283F8412000BF2437BD4680BCE5
:10814000704780B495B000AF78607B681B680C33D3
:108150007B637B6B53E8003F3B633B6B23F4907383
:10816000FB647B681B680C33FA6C3A64FB63F96B45
:108170003A6C41E80023BB63BB6B002BE5D17B6805
:108180001B6814333B623B6A53E8003FFB61FB69A9
:1081900023F00103BB647B681B681433BA6CFA627A
:1081A000BB62B96AFA6A41E800237B627B6A002BF2
:1081B000E5D17B681B6B012B19D17B681B680C33E5
:1081C000FB60FB6853E8003FBB60BB6823F0100313
:1081D0007B647B681B680C337A6CBA617B6179695C
:1081E000BA6941E800233B613B69002BE5D17B681C
:1081F000202283F842207B6800221A6300BF543794
:10820000BD4680BC704780B584B000AF78607B68A5
:108210009B6BFB60FB680022DA85FB680022DA8436
:10822000F868F8F7C5FE00BF1037BD4680BD80B4C2
:1082300085B000AF78607B6893F84130DBB2212BCA
:108240003ED17B689B68B3F5805F14D17B681B6966
:10825000002B10D17B681B6AFB60FB681B881A46E9
:108260007B681B68C2F308025A607B681B6A9A1C11
:108270007B681A6208E07B681B6A591C7A68116285
:108280001A787B681B685A607B68DB8C9BB2013B69
:108290009BB27A681946D184002B0FD17B681B688A
:1082A000DA687B681B6822F08002DA607B681B68F2
:1082B000DA687B681B6842F04002DA60002300E065
:1082C000022318461437BD4680BC704780B582B083
:1082D00000AF78607B681B68DA687B681B6822F0F7
:1082E0004002DA607B68202283F841207868F8F742
:1082F0007BFE002318460837BD4680BD80B58CB094
:1083000000AF78607B6893F84230DBB2222B40F0FC
:10831000AE807B689B68B3F5805F17D17B681B6973
:10832000002B13D10023FB627B689B6ABB627B68D6
:108330001B685B689BB2C3F308039AB2BB6A1A80DE
:108340007B689B6A9A1C7B689A6226E07B689B6AC2
:10835000FB620023BB627B689B68B3F5805F07D03C
:108360007B689B68002B0AD17B681B69002B06D1B8
:108370007B681B685B68DAB2FB6A1A7008E07B688E
:108380001B685B68DBB203F07F03DAB2FB6A1A702A
:108390007B689B6A5A1C7B689A627B68DB8D9BB208
:1083A000013B9BB27A681946D185002B5DD17B6871
:1083B0001B68DA687B681B6822F02002DA607B6841
:1083C0001B68DA687B681B6822F48072DA607B685D
:1083D0001B685A697B681B6822F001025A617B683E
:1083E000202283F842207B6800225A637B681B6B43
:1083F000012B35D17B6800221A637B681B680C3324
:108400007B617B6953E8003F3B613B6923F01003CC
:108410007B627B681B680C337A6A3A62FB61F9699C
:108420003A6A41E80023BB61BB69002BE5D17B6858
:108430001B681B6803F01003102B0AD10023FB609C
:108440007B681B681B68FB607B681B685B68FB6064
:10845000FB687B689B8D19467868F8F739FE02E067
:108460007868F8F7EBFD002302E0002300E0022328
:1084700018463037BD4680BD2DE9B04FC0B000AFC3
:10848000C7F8F400D7F8F4301B681B6923F4405098
:10849000D7F8F430D968D7F8F4301A6840EA010305
:1084A0001361D7F8F4309A68D7F8F4301B691A438F
:1084B000D7F8F4305B691A43D7F8F430DB6913431B
:1084C000C7F8F830D7F8F4301B68DB6823F416419E
:1084D00021F00C01D7F8F4301A68D7F8F8300B43C4
:1084E000D360D7F8F4301B685B6923F44070D7F889
:1084F000F4309969D7F8F4301A6840EA01035361FF
:10850000D7F8F4301A688F4B9A4205D0D7F8F43078
:108510001A688D4B9A4204D1FEF7B6FCC7F8FC00EE
:1085200003E0FEF79DFCC7F8FC00D7F8F430DB69E8
:10853000B3F5004F40F00C81D7F8FC300022C7F8AB
:10854000E830C7F8EC20D7E93A4522462B46911887
:10855000B9655B41FB65D7E91623214612EB01089B
:10856000294643EB01094FF000024FF000034FEAA8
:10857000C90343EA58734FEAC80290469946234616
:1085800018EB0303C7F8E0302B4649EB0303C7F8A9
:10859000E430D7F8F4305B680022C7F8D830C7F869
:1085A000DC20D7E936120B46DB183B65134642EB5D
:1085B00003037B65D7E91423D7E9380100F044FAB7
:1085C00002460B46614BA3FB02235B091C01D7F853
:1085D000FC300022C7F8D030C7F8D420D7E934895E
:1085E00042464B469118B9645B41FB64D7E91223BC
:1085F000414612EB010A494643EB010B4FF00002E2
:108600004FF000034FEACB0343EA5A734FEACA0222
:1086100092469B4643461AEB0303C7F8C8304B46C5
:108620004BEB0303C7F8CC30D7F8F4305B6800227B
:10863000C7F8C030C7F8C420D7E930120B46DB18A2
:108640003B64134642EB03037B64D7E91023D7E96D
:10865000320100F0F9F902460B4611463B4BA3FBF1
:1086600001235B09642202FB03F3CB1ADB0003F155
:108670003202364BA3FB02235B095B0003F4F87361
:108680001C44D7F8FC300022C7F8B830C7F8BC202B
:10869000D7E92E8942464B469118B9635B41FB638B
:1086A000D7E90E2341465118396349464B417B6354
:1086B0004FF000024FF00003D7E90CAB5946CB0056
:1086C000514643EA51735146CA00104619460346C3
:1086D00042469B18C7F8B0304B460A4642EB0303AC
:1086E000C7F8B430D7F8F4305B680022C7F8A83078
:1086F000C7F8AC20D7E92A120B46DB18BB62134639
:1087000042EB0303FB62D7E90A23D7E92C0100F00F
:108710009BF902460B460D4BA3FB02135B09642138
:1087200001FB03F3D31ADB003233084AA2FB032315
:108730005B0903F00702D7F8F4301B6822449A6003
:1087400006E100BF00100140001401401F85EB51FD
:10875000D7F8FC300022C7F8A030C7F8A420D7E92A
:10876000288942464B46911839625B417B62D7E9C2
:10877000082341465418494643EB01054FF00002D7
:108780004FF00003EB0043EA5473E20014461D4629
:108790004346E318C7F898304B4645EB0303C7F848
:1087A0009C30D7F8F4305B680022C7F89030C7F8E7
:1087B00094204FF000024FF00003D7E924452946EA
:1087C0008B00214643EA917321468A00D7E92601AE
:1087D00000F03AF902460B46604BA3FB02235B090B
:1087E0001C01D7F8FC300022C7F88830C7F88C206D
:1087F000D7E9228942464B469118B9615B41FB613A
:10880000D7E9062341465118396149464B417B61FE
:108810004FF000024FF00003D7E904AB5946CB00FC
:10882000514643EA51735146CA0010461946034661
:1088300042469B18C7F880304B460A4642EB03037A
:10884000C7F88430D7F8F4305B680022BB67FA675A
:108850004FF000024FF00003D7E91E8949468B0014
:10886000414643EA917341468A00D7E9200100F06E
:10887000EBF802460B461146384BA3FB01235B097C
:10888000642202FB03F3CB1A1B013233334AA2FBEF
:1088900003235B0903F0F0031C44D7F8FC300022EB
:1088A0003B677A67D7E91C8942464B469118B96005
:1088B0005B41FB60D7E902234146511839604946C4
:1088C0004B417B604FF000024FF00003D7E900AB53
:1088D0005946CB00514643EA51735146CA001046EF
:1088E0001946034642469B18BB664B460A4642EB76
:1088F0000303FB66D7F8F4305B6800223B667A66B8
:108900004FF000024FF00003D7E9188949468B0069
:10891000414643EA917341468A00D7E91A0100F0C3
:1089200093F802460B460D4BA3FB02135B0964212F
:1089300001FB03F3D31A1B013233084AA2FB0323C2
:108940005B0903F00F02D7F8F4301B6822449A60E9
:1089500000BF07F58077BD46BDE8B08F1F85EB519E
:1089600080B500AF0E4B1B680D4A43F400731360D3
:108970000B4B1B680A4A43F480631360084B1B6867
:10898000074A43F4807313600320FCF7FDFF0F20B8
:1089900000F00EF800F006F80023184680BD00BF76
:1089A000003C024080B400AF00BFBD4680BC7047B1
:1089B00080B582B000AF7860124B1A68124B1B78FA
:1089C00019464FF47A73B3FBF1F3B2FBF3F3184695
:1089D000FDF70FF80346002B01D001230EE07B6862
:1089E0000F2B0AD8002279684FF0FF30FCF7D7FF31
:1089F000064A7B681360002300E00123184608370D
:108A0000BD4680BDB4030020BC030020B803002095
:108A100080B400AF054B1B781A46054B1B68134406
:108A2000034A136000BFBD4680BC7047BC030020F2
:108A3000E835012080B400AF024B1B681846BD46E4
:108A400080BC7047E835012053B94AB9002908BFF6
:108A500000281CBF4FF0FF314FF0FF3000F09CB9F1
:108A6000ADF1080C6DE904CE00F006F8DDF804E085
:108A7000DDE9022304B070472DE9F04782B00646D5
:108A8000DDF828E00846B4460D46002B4ED18A4258
:108A900014466DD9B2FA82F242B1C2F12003954078
:108AA00026FA03F394401D4306FA02FC260CA7B2F3
:108AB000B5FBF6F14FEA1C4306FB115543EA0543AB
:108AC00001FB07F0984209D9E31801F1FF3580F066
:108AD0000381984240F20081023923441B1A1FFA95
:108AE0008CFCB3FBF6F006FB10334CEA034C00FBA6
:108AF00007F363450AD914EB0C0C00F1FF3580F045
:108B0000ED80634540F2EA80A444023840EA014027
:108B1000ACEB030C0021BEF1000F04D02CFA02F3E1
:108B20000022CEE9003202B0BDE8F0878B4209D9BD
:108B3000BEF1000F01D0CEE900610021084602B06D
:108B4000BDE8F087B3FA83F1174600294DD183427F
:108B500002D3B24200F20F81B6EB070C60EB0303C5
:108B600001201D46BEF1000FDDD0CEE900C5DAE7D9
:108B7000002A00F098801A46B4FA84F3002B40F0E3
:108B8000AF800B1B270CA6B20121B3FBF7F54FEA10
:108B90001C4007FB153340EA034306FB05F89845E4
:108BA00007D9E31805F1FF3002D2984500F2E880BA
:108BB0000546A3EB08031FFA8CFCB3FBF7F007FB99
:108BC00010334CEA034C06FB00F3634508D914EB61
:108BD0000C0C00F1FF3602D2634500F2CE80304625
:108BE000ACEB030C40EA054095E7C1F120058B4052
:108BF00022FA05FC4CEA030C00FA01F426FA05F30C
:108C0000E84002FA01F943EA04084FEA1C4206FA76
:108C100001FAB0FBF2F71FFA8CF602FB17004FEADD
:108C2000184444EA004407FB06F0A0420AD91CEBB2
:108C3000040407F1FF3380F09C80A04240F2998049
:108C4000023F6444241A1FFA88F3B4FBF2F002FBDB
:108C5000104443EA044300FB06F69E4209D91CEB8C
:108C6000030300F1FF3480F082809E427FD90238F6
:108C7000634440EA0740A0FB09749B1BA3423E46A5
:108C8000A04664D361D0BEF1000F0AD0BAEB060251
:108C900063EB080303FA05F5CA401543CB40CEE960
:108CA000005300213FE7730843EAC1734A08190CD7
:108CB00041EA02414FEAC67C9BB2B2FBF4F0264681
:108CC000A04627461F2243EA0143B1FBF4F1A3EB80
:108CD000080341EA004158E72946FFE6284615E720
:108CE0001A46C3F120019C4026FA01F320FA01F153
:108CF00090400343270C06FA02FCB1FBF7F0A6B242
:108D000007FB1015190C41EA054100FB06F58D42E1
:108D10003BD9611801D28D4220D8491B0138B1FBE3
:108D2000F7F5019505FB06F8019D9BB207FB1511B0
:108D300043EA0143434526D2E31805F1FF31C6D289
:108D40004345C4D2A91E2344C1E7BA459BD2B7EB21
:108D5000090664EB0C040138A04694E7651B29441E
:108D60000238B1FBF7F5019505FB06F8DCE7204674
:108D70007FE71F4666E70846F4E6A44402382FE77B
:108D8000023D234415E70199A1E7491BB1FBF7F523
:108D9000019505FB06F8C7E7704700BF08B5064B0D
:108DA000044613B10021AFF30080044B1B6803B1EC
:108DB00098472046F7F727FB0000000024370120E2
:108DC000002310B50446C0E90033C0E904338360D2
:108DD00081814366C2818361194608225C3000F0BC
:108DE0007BFA0D4B63620D4BA3620D4BE3620D4B9F
:108DF00023630D4B24629C4206D003F16802944227
:108E000002D0D0339C4205D104F15800BDE8104097
:108E100000F0F0BA10BD00BF299100084F91000882
:108E200087910008AD910008EC350120024A034902
:108E3000034800F06BB800BFC003002059A600082B
:108E4000D003002041680C4B994210B5044601D074
:108E500001F002FCA168094B994202D0204601F0C2
:108E6000FBFBE168064B994204D02046BDE8104068
:108E700001F0F2BB10BD00BFEC35012054360120DB
:108E8000BC36012010B50A4B0A4A1A600A48002273
:108E90000421FFF795FF094801220921FFF790FF00
:108EA000BDE81040064802221221FFF789BF00BF2B
:108EB000243701202D8E0008EC3501205436012086
:108EC000BC360120014800F096BA00BF2D370120C2
:108ED000014800F091BA00BF2D37012010B50446BB
:108EE000FFF7F0FF236A1BB1BDE81040FFF7F0BFAA
:108EF000044B2362044B1B68002BF5D1FFF7C2FF24
:108F0000F2E700BF458E0008243701202DE9F84321
:108F10008046894614460026D4E90175013F05D5EF
:108F20002468002CF8D13046BDE8F883AB89012BCA
:108F300007D9B5F90E30013303D029464046C8475A
:108F400006436835EAE700000FB407B5064904ABED
:108F5000086853F8042B8168019300F003FF03B005
:108F60005DF804EB04B07047CC030020036A70B5D1
:108F7000846805460E460BB9FFF7B0FF636EDB074A
:108F800005D4A389980502D4A06D00F034FAA38912
:108F9000190702D52369002B35D12146284600F058
:108FA00047F980B34FF0FF35636EDA0705D4A38924
:108FB0009B0502D4A06D00F01FFA284670BD002B5F
:108FC00004DAA269934217DB0A2915D023685A1CD8
:108FD00022601970A36816F8011F013BA3600029E5
:108FE000EDD18B4211DA22460A21284600F0E2F840
:108FF0000130D7D00A25D7E72246284600F0DAF814
:109000000130E7D1CEE7013EE4E723685A1C226035
:109010000A221A70EEE70000024B01461868FFF7BB
:10902000A5BF00BFCC0300200CB430B5154B0C1EFF
:109030001D689DB008DA8B232B604FF0FF301DB008
:10904000BDE8304002B070474FF000031B9318BFDB
:109050000123E31A049307930B4B029006900593A8
:10906000209A21AB02A92846019300F08DFB431CF6
:10907000BCBF8B232B60002CE1D0029B00221A7016
:10908000DDE700BFCC0300200802FFFF0EB410B5DF
:109090009DB01FAB029006906FF000410A48079107
:1090A00004910A4953F8042B0591002402A9006891
:1090B00001931B9400F068FB029B1C701DB0BDE87F
:1090C000104003B0704700BFCC0300200802FFFF30
:1090D0000EB470B59DB021AC00254FF4017354F867
:1090E000046BADF814301B950290069000F0EEF979
:1090F0000B4B039007900B480B934FF6FF73ADF8A3
:1091000016303246234602A900680F951495019443
:1091100000F08CFC1DB0BDE8704003B0704700BF8C
:109120004B910008CC03002010B50C46B1F90E108D
:1091300000F012F90028ABBF636DA3891B1823F45C
:109140008053ACBF6365A38110BD002070472DE93B
:10915000F0411F468B89DB0505460C46164605D5B2
:10916000B1F90E100223002200F0E4F8A389B4F94B
:109170000E1023F48053A38132463B462846BDE8B7
:10918000F04100F0FBB810B50C46B1F90E1000F03C
:10919000D1F8B4F90C30421C0BBF23F4805343F4D4
:1091A0008053A381A38118BF606510BDB1F90E1073
:1091B00000F0B0B8F8B505460F46144618B1036A7A
:1091C0000BB9FFF78BFEA369A360A3891A0701D52A
:1091D000236943B92146284600F02AF818B14FF018
:1091E000FF363046F8BD23692068C01A63698342A0
:1091F00005DC2146284601F02FFA0028EFD1A368AC
:10920000013BA36023685A1C22601F706369013010
:109210008342FEB204D0A389DB07E2D50A2EE0D157
:109220002146284601F018FA0028DAD0D7E70000D6
:1092300038B5284B054618680C4618B1036A0BB9B7
:10924000FFF74CFEB4F90C30190720D4DA0607D426
:1092500009222A6043F04003A3814FF0FF3031E040
:10926000580711D5616B41B104F14403994202D012
:10927000284600F033F9002363630022A38962606B
:109280002269226023F0240343F00803A3812369A9
:109290004BB9A38903F42073B3F5007F03D02146B3
:1092A000284601F025FAB4F90C3013F001020AD077
:1092B0000022A26062695242A261226942B913F09F
:1092C0008000C7D138BD990758BF6269A260F4E732
:1092D0000020F7E7CC03002002440346934200D16C
:1092E000704703F8011BF9E70A7870B56AB970BDD9
:1092F0009A4209D10C46054614F8013F002BF6D0DE
:1093000015F8016F9E42F7D001300378002BEFD1A2
:109310001846ECE738B5064C00230546084623609E
:10932000F6F7B6FF431C02D1236803B12B6038BDAA
:109330002837012038B5074C05460846114600225B
:1093400022601A46F7F709F8431C02D1236803B1DB
:109350002B6038BD2837012038B5074C0546084634
:109360001146002222601A46F6F7B4FF431C02D1D0
:10937000236803B12B6038BD2837012038B5074C6E
:10938000054608461146002222601A46F7F7C6FC39
:10939000431C02D1236803B12B6038BD283701205C
:1093A000014B1868704700BFCC03002070B50D4B0F
:1093B0000D4C00261D1BB6EBA50F09D101F0A2FB39
:1093C0000A4C0B4B00261D1BB6EBA50F05D170BD3B
:1093D00054F8043B98470136EDE754F8043B9847AE
:1093E0000136F1E71C0400201C0400201C040020AE
:1093F0002004002070477047704710F8012B11F8C7
:10940000013B012A28BF9A42F7D0D01A70470000CA
:1094100001F0FF01102A2BDB10F0070F08D010F825
:10942000013B013A8B422DD010F0070F42B3F6D129
:10943000F0B441EA012141EA014122F007047FF042
:1094400000070023F0E80256083C85EA010586EA99
:10945000010685FA47F5A3FA87F586FA47F6A5FAD5
:1094600087F68EB9EED1F0BC01F0FF0102F00702E1
:1094700032B110F8013B013A83EA010313B1F8D18C
:109480000020704701387047002D06BF354603386D
:10949000073815F0010F07D1013015F4807F02BFA6
:1094A000013015F4C03F0130F0BC0138704700BFF7
:1094B0000A44914200F1FF3300D1704710B511F812
:1094C000014B03F8014F9142F9D110BD034613F847
:1094D000012B002AFBD1181A0138704737B5002933
:1094E00044D051F8043C0190002BA1F10404B8BF12
:1094F000E41800F0DDF81E4A0198136833B9636080
:10950000146003B0BDE8304000F0D8B8A34208D9D9
:10951000256861198B4201BF19685B684919216090
:10952000EDE71A465B680BB1A342FAD911685518EA
:10953000A5420BD1246821445418A3421160E0D104
:109540001C685B6853600C441460DAE702D90C2392
:109550000360D6E7256861198B4204BF19685B6810
:10956000636004BF491921605460CAE703B030BD8D
:109570003437012070B50F4C0E462168054611B9ED
:10958000F6F748FF206031462846F6F743FF431CB4
:1095900003D14FF0FF34204670BDC41C24F00304F7
:1095A000A042F8D0211A2846F6F734FF0130F2D154
:1095B000EFE700BF303701202DE9F843CD1C25F03F
:1095C000030508350C2D38BF0C25002D064601DBA0
:1095D000A94204D90C2333600020BDE8F883334F3F
:1095E00000F066F83B681C463CBB29463046FFF756
:1095F000C1FF431C044656D13C68A046B8F1000F99
:1096000040D1002C49D023684146304604EB030981
:10961000F6F700FF814540D121686D1A2946304692
:10962000FFF7A8FF013038D023682B4423603B6844
:109630005A685ABBC7F800800EE02268521B1ED43D
:109640000B2A16D96119A342256018BF59606368B7
:1096500008BF396062514B60304600F02FF804F1CA
:109660000B00231D20F00700C21A1CBF1B1AA350B9
:10967000B3E76268A3420CBF3A605A60ECE7234646
:109680006468B1E74446D8F80480B7E71A465B68D7
:10969000A342FBD100235360DEE70C233360304646
:1096A00000F00CF898E70560D6E700BF34370120DA
:1096B0000148FFF7A0BE00BF2C3701200148FFF78B
:1096C0009BBE00BF2C3701202DE9F0478E681F4656
:1096D000BE4282460C469046334653D8B1F90C0040
:1096E00010F4906F2BD065692368096905EB450577
:1096F000A3EB010905EBD5757B1C6D104B44AB4208
:109700002A4684BF1D462A46430527D511465046A2
:10971000FFF752FF064658B321694A46FFF7C8FED5
:10972000A38923F4906343F08003A38126616561DC
:109730004E44A5EB09052660A5603E463B461F4604
:1097400020683A46414601F07FF8A3689B1BA3605E
:1097500023683B4423600020BDE8F087504601F0B9
:10976000AFF806460028E1D121695046FFF7B6FE62
:109770000C23CAF80030A38943F04003A3814FF0C3
:10978000FF30E9E73E46DBE72DE9F0471F468B89CE
:109790001B069CB006460D46144610D50B6973B9DE
:1097A0004021FFF709FF2860286130B90C2333609E
:1097B0004FF0FF301CB0BDE8F08740236B61002301
:1097C000099320238DF8293003973023654F8DF8B6
:1097D0002A304FF0010823461A7899461AB1252AF3
:1097E00003F10103F8D1B9EB040A0BD0534622462A
:1097F00029463046FFF768FF013000F0A380099A40
:109800005244099299F80030002B00F09B8000220E
:109810004FF0FF33CDE9053209F1010904920792B7
:109820008DF853201A924C46052214F8011B4D481E
:10983000FFF7EEFD049AD0B9D00644BF20238DF87F
:109840005330110744BF2B238DF8533099F8003063
:109850002A2B13D007994B4600204FF00A0C1A7898
:10986000303A092A1C464AD9A8B1079113E0C01B17
:1098700008FA00F010430490A146D4E7039B191D99
:109880001B680391002BBBBF5B4242F002020793AF
:109890000793B8BF049223782E2B0AD163782A2B22
:1098A00032D1039B1A1D1B68039243EAE37302340F
:1098B0000593DFF8C090217803224846FFF7A8FD02
:1098C00038B1049BA0EB09004022824013430134CD
:1098D0000493217824488DF828100622FFF798FD7C
:1098E000002835D0214818BB039B073323F007031A
:1098F00008330393099B0344013409936BE7013355
:109900000CFB01210120AAE700230593611C1846E6
:109910004FF00A0C0A78303A092A0C4603D9002B7A
:10992000C7D00590C5E701310CFB00200123F1E70A
:1099300003AB00932A460E4B04A93046AFF30080D8
:10994000421CD7D1AB895B063FF532AF099831E7AE
:1099500003AB00932A46064B04A9304600F08CFB6B
:10996000EEE700BF2CAE000836AE00080000000095
:10997000C996000832AE000838B54B1C144603D116
:109980004FF0FF35284638BD938923F0200393819B
:10999000636B5268CDB28BB1A36B934208DD236831
:1099A0005A1E226003F8015C636801336360E9E7D3
:1099B000214600F00FFF0028F1D0E1E7216923687C
:1099C00051B1994208D213F8011CA94204D1013BBC
:1099D000013223606260D5E7C4E90F3204F1440329
:1099E00063630323A363234603F8465F23600123D5
:1099F000DCE710B50C46496B69B104F144039942A8
:109A000001D0FFF76BFD236C63600020606313B12E
:109A1000E36B236010BD2369236000236360A38987
:109A200043F02003A3814FF0FF30F3E72DE9F04F1F
:109A30000D46ADF5237D0021CDE9441101A94691E4
:109A4000A449A091DFF898B2A349A19180466F463E
:109A5000009392F80090B9F1000F00F056811BF8C6
:109A6000093013F0080302F101061AD06B68002BCD
:109A700010DD2B681A781BF80220120701D4324639
:109A8000E7E7459A013245926A680133013A6A6014
:109A90002B60EBE7A19B2946404698470028E8D079
:109AA000EDE7B9F1250F40F082804193439353785D
:109AB0002A2B02BF1023961C41930A22B2461AF8A1
:109AC000011BA1F13003092B1CD984480322FFF7A5
:109AD0009FFC38B1814B419AC01A01238340134344
:109AE0004193564616F8013B782B06D8572B10D8D1
:109AF000252B5CD056D8002B74D0032347930A2320
:109B0000429387E0439B02FB031130394391564651
:109B1000D4E7A3F15802202AEFD801A151F822F08E
:109B2000F39B0008FB9A0008FB9A00084F9C000872
:109B3000FB9A0008FB9A0008FB9A0008FB9A0008B1
:109B4000FB9A0008FB9A0008FB9A0008659C000835
:109B50004B9C0008AB9B0008AB9B0008AB9B00082C
:109B6000FB9A0008059C0008FB9A0008FB9A000875
:109B7000FB9A0008FB9A0008759C00080D9C0008E1
:109B8000EB9B0008FB9A0008FB9A0008719C0008F8
:109B9000FB9A00084B9C0008FB9A0008FB9A0008FF
:109BA000F39B0008453B022BA7D8052331E06B68E7
:109BB000002B0DDD2B681A784A4540F0A680013352
:109BC0006A682B60459B013A01336A60459356E70A
:109BD000A19B2946404698470028EBD0449800288E
:109BE00040F08B804FF0FF308BE0419A42F0200232
:109BF0004192419A42F40072419210226E2B42929D
:109C000006D801E000234293032302E00823429395
:109C1000042347936B68002B3ADD419B590605D41A
:109C20002B681A781BF80220120738D4479B022BA6
:109C300047DC3B462A4641A9404600F047FB012845
:109C400063D002287FF41BAFC8E70A22D6E731466B
:109C500001A800F086FD419B43F040034193064676
:109C60000123D6E7419B43F0400341930023D0E713
:109C70000223CEE74198C3063FF501AF3B68459A02
:109C8000191D39601B68C4074CBF1A801A60F6E6BC
:109C9000A19B2946404698470028BED09EE7459A9A
:109CA000013245926A68013A002A6A6002DD013396
:109CB0002B60B5E7A19B2946404698470028AFD0C6
:109CC0008CE7042B0EDC3B462A4641A9404600F0B7
:109CD00057FBB4E779990008F399000832AE000801
:109CE00089AE00080A4B002B3FF4C9AE3B462A461A
:109CF00041A94046AFF30080A1E7AB895B063FF581
:109D000071AF0DF5237DBDE8F08F4498F9E700BFF2
:109D1000000000009368013B002B10B4936007DA49
:109D20009469A34201DB0A2902D110BCFFF742BAB1
:109D30001368581C10601970084610BC7047F8B5BD
:109D400006460F461446D518AC4201D1002007E064
:109D500014F8011B3A463046FFF7DCFF431CF3D1F1
:109D6000F8BD00002DE9F04706469CB00D461446AC
:109D70001F4618B1036A0BB9FFF7B0F86B6ED9072D
:109D800005D4AB899A0502D4A86DFFF734FBAB89E3
:109D90001B0701D52B699BB929463046FFF748FAC6
:109DA00070B16B6EDE0704D54FF0FF301CB0BDE81C
:109DB000F087AB899C05F7D4A86DFFF71DFBF3E78F
:109DC0000023099320238DF82930039730236A4F0D
:109DD0008DF82A304FF0010823461A7899461AB1B7
:109DE000252A03F10103F8D1B9EB040A0BD053463D
:109DF000224629463046FFF7A2FF013000F0A3803B
:109E0000099A5244099299F80030002B00F09B8087
:109E100000224FF0FF33CDE9053209F10109049228
:109E200007928DF853201A924C46052214F8011B14
:109E30005148FFF7EDFA049AD0B9D00644BF202369
:109E40008DF85330110744BF2B238DF8533099F808
:109E500000302A2B13D007994B4600204FF00A0CF4
:109E60001A78303A092A1C464AD9A8B1079113E05A
:109E7000C01B08FA00F010430490A146D4E7039BEE
:109E8000191D1B680391002BBBBF5B4242F002020D
:109E900007930793B8BF049223782E2B0AD16378D7
:109EA0002A2B32D1039B1A1D1B68039243EAE373EA
:109EB00002340593DFF8D090217803224846FFF75B
:109EC000A7FA38B1049BA0EB09004022824013435B
:109ED00001340493217829488DF828100622FFF7D1
:109EE00097FA00283ED0264818BB039B073323F07F
:109EF000070308330393099B0344013409936BE779
:109F000001330CFB01210120AAE700230593611C0A
:109F100018464FF00A0C0A78303A092A0C4603D941
:109F2000002BC7D00590C5E701310CFB00200123B1
:109F3000F1E703AB00932A46124B04A93046AFF376
:109F40000080431CD7D16B6ED90705D4AB899A0525
:109F500002D4A86DFFF750FAAB895B063FF524AF3A
:109F6000099823E703AB00932A46064B04A9304621
:109F700000F082F8E5E700BF2CAE000836AE00081E
:109F8000000000003F9D000832AE00082DE9F047B8
:109F9000914698468A680B69089E9342B8BF13465B
:109FA000C9F8003091F8432007460C4612B101333E
:109FB000C9F800302368990642BFD9F8003002334F
:109FC000C9F80030256815F0060507D104F1190A13
:109FD000E368D9F800209B1AAB4229DC94F843309F
:109FE0002268003B18BF012392062ED404F14302DD
:109FF00041463846B047013021D02368A168226924
:10A0000003F00603042B01BFE568D9F80030ED1A10
:10A0100025EAE57518BF00258B1A2B449142C8BF6D
:10A020001D464FF000091A344D451AD1002008E0B2
:10A030000123524641463846B047013003D14FF024
:10A04000FF30BDE8F0870135C2E7E1185A1C302027
:10A0500081F84300224494F8451082F843100233FB
:10A06000C4E70123224641463846B0470130E6D0D6
:10A0700009F10109D8E700002DE9F04398460B7E6D
:10A0800085B0782B174606460C9A0C4609D8622BE9
:10A0900001F1430108D8002B00F0DC80582B00F0C0
:10A0A000BD8004F1420539E0A3F163001528F8D81A
:10A0B00001A555F820F000BF11A1000825A1000856
:10A0C000A3A00008A3A00008A3A00008A3A0000864
:10A0D00025A10008A3A00008A3A00008A3A00008D1
:10A0E000A3A0000835A2000851A10008E3A10008C0
:10A0F000A3A00008A3A000085DA20008A3A0000878
:10A1000051A10008A3A00008A3A00008EBA100082B
:10A110001368191D1B68116004F1420584F8423070
:10A120000123A8E013682568181D1060280601D5D2
:10A130001B6803E06A06FBD5B3F90030002B03DA95
:10A140002D225B4284F84320DFF878C10A2213E015
:10A150002568106815F0800F50F8043B02D16D0699
:10A1600048BF9BB21060227EDFF858C16F2A5DD1D4
:10A170000822002084F843006568A560002D05DBF7
:10A1800020681D4320F00400206051D00D46B3FB31
:10A19000F2F002FB103E9A421CF80EE005F801EDC9
:10A1A0000346F4D9082A0BD12368DA0708D52369B6
:10A1B00062689A42DEBF302305F8013C05F1FF35A5
:10A1C000491B2161CDF800803B4603AA2146304659
:10A1D000FFF7DCFE013053D14FF0FF3005B0BDE892
:10A1E000F083236843F020032360DFF8DCC078238A
:10A1F00084F845302068156810F0800F55F8043B4E
:10A2000003D110F0400F18BF9BB21560C50744BFC3
:10A2100040F02000206023B11022AAE7DFF8A4C09C
:10A22000E6E7226822F020022260F5E70A22A0E792
:10A230000D46B7E71368D4F800C060691D1D1560AE
:10A240001CF0800F1B6801D0186003E01CF0400F69
:10A25000FAD01880002323610D46B3E71368191D57
:10A2600011601D68626800212846FFF7D1F808B127
:10A27000401B606063682361002384F84330A1E7DA
:10A2800023692A4639463046C0470130A4D02368A6
:10A290009B0714D4E068039B9842B8BF18469DE71B
:10A2A000012304F1190239463046C047013093D0EA
:10A2B0000135E36803995B1AAB42F1DCEAE700255C
:10A2C000F7E700BF3DAE00084EAE00082DE9F843A9
:10A2D00015468A6880460C4632B98A69002A14BF3E
:10A2E0004FF0FF3201228A602268DFF89090D10699
:10A2F0005FBF1A68111D196016680027A06988B130
:10A30000012807D12B681A7863699B5C53B9002F29
:10A3100032D023E0022821D12B681B7819F80330B2
:10A320001B071BD42368DA065EBF2B681B7806F870
:10A33000013B6B68013B6B602B6801332B60A368AA
:10A34000013B0137A3604BB16B68002BD6DCD4F81E
:10A3500080312946404698470028CFD0236813F023
:10A36000100305D1E2680132E260A26902B13370E4
:10A3700023693B4423610020BDE8F88389AE0008CF
:10A380002DE9F04F9946704B0C468246164693E8ED
:10A39000070087B003AB83E807006C4BA1696C4AE8
:10A3A000032908BF1A46A36801925A1EB2F5AE7F70
:10A3B00084BF6FF4AE7503EB0508274684BF40F2F7
:10A3C0005D13A36057F81C3B43F4506398BF4FF0F4
:10A3D000000823603D464FF0000B316803AB09785D
:10A3E00053F82B000222FFF713F820B3BBF1010F43
:10A3F00054D162682AB92268082142F4007261606F
:10A400002260226822F4A0622260A268511EA1602C
:10A410008AB13268511C3160127805F8012B7268DC
:10A42000013A002A726006DCD4F880213146504699
:10A43000904700287DD10BF1010BBBF1030FCCD16C
:10A44000616809B90A216160424B6069591A00F0DC
:10A4500088F94FF0000BA368002B3BD0316862698C
:10A460000878125C002A35D03028226824D11005E3
:10A4700022D50BF1010BB8F1000F03D0013308F125
:10A48000FF38A3607368013B002B73601BDD3368EA
:10A4900001333360A368013BA360DCE7BBF1020F2B
:10A4A000B3D1226802F4C061B1F5007FC8D1102198
:10A4B000616042F48072A7E722F4106222600B7898
:10A4C00005F8013BDEE7D4F8803131465046984725
:10A4D0000028DFD02368DB050BD5BD4207D915F86E
:10A4E000011CD4F87C31324650469847013DBD42AC
:10A4F00027D0226812F0100212D12A706368019EE0
:10A5000039465046B047D9F8003021681A1DC9F8BD
:10A5100000208E061B680FD51860E3680133E360E6
:10A520002369ED1B5D442B442361002007B0BDE887
:10A53000F08F4FF0000BCDE7CA074CBF18801860B2
:10A54000EBE70120F2E700BF7CAE000811AA00088B
:10A55000F1AA00086FAE0008B1F90C202DE9F04116
:10A56000160705460C4651D44B68002B02DC0B6CD9
:10A57000002B49DDE66A002E46D0002312F48052FB
:10A580002F682B6031D0626DA389590705D56368A8
:10A59000D21A636B0BB1236CD21A0023E66A216ACC
:10A5A0002846B047421CB4F90C3006D129681D2951
:10A5B00045D8284ACA40D60741D500226260D9044E
:10A5C0002269226004D5421C01D12B6803B9606561
:10A5D000616B2F60C1B104F14403994202D0284657
:10A5E000FEF77CFF002363630EE0216A0123284607
:10A5F000B0470246501CC7D12B68002BC4D01D2B7E
:10A6000001D0162B1AD12F6000201DE00F69002FFA
:10A61000FAD093070E6808BF4B690F6018BF00237C
:10A62000A6EB07088B60B8F1000FEDDD216AA66A82
:10A6300043463A462846B047002807DCA38943F042
:10A640004003A3814FF0FF30BDE8F0810744A8EB41
:10A650000008E8E70100402038B50B6905460C46C4
:10A6600013B91D46284638BD18B1036A0BB9FEF769
:10A6700035FCB4F90C30002BF3D0626ED00704D453
:10A68000990502D4A06DFEF7B6FE28462146FFF7D5
:10A6900063FF636EDA070546E4D4A3899B05E1D422
:10A6A000A06DFEF7A9FEDDE770B50E46B1F90E10FC
:10A6B000002996B014461D460ADAB28912F08002CB
:10A6C00013D14FF4806100202A60216016B070BD64
:10A6D0006A4600F0D3F80028EFDB019A02F47042DA
:10A6E000A2F500535A425A41EBE700224021EAE723
:10A6F0008B8973B59E0705460C4607D504F14703C1
:10A70000236023610123636102B070BD01AB6A461F
:10A71000FFF7CAFF009E28463146FEF74DFFB4F909
:10A720000C3038B99A05EFD423F0030343F0020349
:10A73000A381E3E743F08003A381019B2060C4E988
:10A740000406002BE0D0B4F90E10284600F0A8F85B
:10A750000028D9D0A38923F0030343F00103A38188
:10A76000D2E770B50B785E2B0BBF4B784C1C8C1C62
:10A77000002208BF0122411E00F1FF0501F8012F50
:10A78000A942FBD113B9621E104670BD82F00101CF
:10A79000C1542246144614F8015B2D2D05D05D2DC1
:10A7A00016D0002DF0D02B46F2E756785D2EFAD069
:10A7B000B342F8DC02321C460134A6420155FBDCF0
:10A7C000F41A013CB342A8BF002401332344E1E75B
:10A7D0002246D9E72DE9F0410C46496B04F14403C8
:10A7E00099421DD14FF48061FEF7E6FE18B94FF093
:10A7F000FF30BDE8F0814FF48063A36394F84630E6
:10A80000606380F8FF3394F8453080F8FE3394F8A5
:10A81000443080F8FD3300F2FD3020600020E8E78E
:10A82000A66B77003A4600F04BF805460028DED0CC
:10A8300000EB0608014632464046FEF739FEC4E901
:10A840000D57C4F80080E9E7884210B501EB020417
:10A8500002D98442234607D8431EA14207D011F8EB
:10A86000012B03F8012FF8E70244824200D110BD0A
:10A8700013F8011D02F8011DF7E7000038B5074C79
:10A8800000230546084611462360F5F78DFD431C5D
:10A8900002D1236803B12B6038BD00BF28370120E7
:10A8A00038B5064C0023054608462360F5F738FD09
:10A8B000431C02D1236803B12B6038BD2837012027
:10A8C0002DE9F041074615460C4621B9BDE8F04197
:10A8D0001146FEF771BE2AB9FEF700FE2C4620464F
:10A8E000BDE8F08100F006F98542064602D8B5EBD6
:10A8F000500FF4D829463846FEF75EFE804608B968
:10A900004446ECE7B5422A46214628BF3246FEF7C8
:10A91000CFFD21463846FEF7E1FDF1E7242B2DE976
:10A92000F047884601D8012B06D1FEF739FD1623E2
:10A9300003600020BDE8F087344E0D46294615F827
:10A94000014B375D17F00807F8D12D2C10D12C786A
:10A9500001278D1C33F0100115D1302C0DD1297831
:10A9600001F0DF01582908D16C78023510230AE084
:10A970002B2C04BF2C788D1CECE7002BF6D1302C4F
:10A9800014BF0A23082307F1004E0EF1FF3E0021F9
:10A99000BEFBF3F90E4603FB19EAA4F1300CBCF13F
:10A9A000090F10D86446A3421EDDB1F1FF3F07D066
:10A9B000B14516D301D1A24513DB06FB03460121A5
:10A9C00015F8014BE9E7A4F1410CBCF1190F01D8CE
:10A9D000373CE8E7A4F1610CBCF1190F04D8573CEF
:10A9E000E1E74FF0FF31EBE74B1C05D12223036079
:10A9F000764632B930469DE707B17642002AF9D053
:10AA000009B105F1FF38C2F80080F3E789AE00080C
:10AA1000FFF784BF2DE9F043344E86460D462846A5
:10AA200015F8014B375D17F00807F8D12D2C10D120
:10AA30002C780127851C33F0100015D1302C0DD156
:10AA4000287800F0DF00582808D16C7802351023F0
:10AA50000AE02B2C04BF2C78851CECE7002BF6D1E8
:10AA6000302C14BF0A2308234FF0FF380026B8FB10
:10AA7000F3F803FB08F96FEA09093046A4F1300C3A
:10AA8000BCF1090F10D86446A3421EDDB6F1FF3FAA
:10AA900007D0804516D301D1A14513DB00FB03404D
:10AAA000012615F8014BE9E7A4F1410CBCF1190F9F
:10AAB00001D8373CE8E7A4F1610CBCF1190F04D8C8
:10AAC000573CE1E74FF0FF36EBE7731C06D122233A
:10AAD000CEF80030304632B9BDE8F08307B14042CD
:10AAE000002AF9D006B1691E1160F5E789AE0008A9
:10AAF000FFF790BF51F8043C181F002BBCBF0B5848
:10AB0000C0187047F8B500BFF8BC08BC9E46704737
:10AB1000F8B500BFF8BC08BC9E46704754696D6527
:10AB200072310000E58D95E6ACA174696D657231F6
:10AB3000E5889BE5BBBAE68890E58A9F210D000079
:10AB400054696D6572320000E9878DE5A48D7469E2
:10AB50006D657232E5889BE5BBBAE68890E58A9F11
:10AB6000210D000073746172745F5461736B000097
:10AB70007461736B310000007461736B320000000C
:10AB80007461736B3300000073746D33325F7561F1
:10AB900072743100636875616E673132332E000064
:10ABA00057692D46690000006170692E73656E69F2
:10ABB00076657273652E636F6D000000E68C89E91F
:10ABC00094AE2564E8A2ABE58D95E587BB0D0A0040
:10ABD000E68C89E994AE2564E8A2ABE58F8CE58725
:10ABE000BB0D0A00E58D95E6ACA174696D65723107
:10ABF000E59B9EE8B083E689A7E8A18CEFBC816362
:10AC00006F756E743D25640D0A000000E9878DE5BF
:10AC1000A48D74696D657232E59B9EE8B083E68908
:10AC2000A7E8A18CEFBC81636F756E743D25640D40
:10AC30000A00000073746D33325F75617274310005
:10AC40001F00000049444C4500000000092563092D
:10AC500025750925750925750D0A00000925750951
:10AC600009257525250D0A0009257509093C312599
:10AC7000250D0A00546D722053766300546D725195
:10AC80000000000025642E25642E25642E25640016
:10AC90006573703832363600657370383236365F19
:10ACA000706172736572000041542B5253540D0A47
:10ACB00000000000415445300D0A000041542B4370
:10ACC000574D4F44453D310D0A00000041542B4380
:10ACD000574A41503D222573222C222573220D0A0A
:10ACE0000000000041542B43574A41503D22257338
:10ACF000222C22220D0A000041542B434946535274
:10AD00000D0A000041542B4349504D55583D310D1B
:10AD10000A00000041542B434950534552564552B6
:10AD20004D4158434F4E4E3D340D0A0041542B4384
:10AD300049505345525645523D312C25640D0A0069
:10AD400041542B4349505354415455533D310D0AFE
:10AD5000000000002B4349505354415455533A00CE
:10AD60002B4349505354415455533A2568752C256B
:10AD7000395B5E2C5D2C2533315B5E2C5D2C2568A8
:10AD8000752C2568752C2564000000005443500084
:10AD900041542B43495053544152543D25642C2572
:10ADA000732C25732C25640D0A00000055445000B7
:10ADB00041542B43495053454E443D25642C256452
:10ADC0000D0A000041542B43495053454E443D2544
:10ADD000642C25642C25732C25640D0A00000000CA
:10ADE0002B4950442C0000004F4B0D0A000000007E
:10ADF0004552524F520D0A0041542B434950434C87
:10AE00004F53453D25640D0A00000000000000007E
:10AE1000000000000102030406070809000000000A
:10AE2000010203040006101600061016232D302B15
:10AE30002000686C4C00656667454647003031323B
:10AE40003334353637383941424344454600303192
:10AE500032333435363738396162636465660041B0
:10AE60002D46612D66383930313233343536375D11
:10AE7000002B2D00303000785800000071AE000823
:10AE800074AE000877AE000800202020202020208B
:10AE9000202028282828282020202020202020208A
:10AEA000202020202020202020881010101010109A
:10AEB00010101010101010101004040404040404E6
:10AEC0000404041010101010101041414141414180
:10AED0000101010101010101010101010101010162
:10AEE0000101010110101010101042424242424272
:10AEF0000202020202020202020202020202020232
:10AF000002020202101010102000000000000000D9
:10AF10000000000000000000000000000000000031
:10AF20000000000000000000000000000000000021
:10AF30000000000000000000000000000000000011
:10AF40000000000000000000000000000000000001
:10AF500000000000000000000000000000000000F1
:10AF600000000000000000000000000000000000E1
:10AF700000000000000000000000000000000000D1
:10AF800000000000000000000000000000000000C1
:08AF90008452FF7F0100000064
:0CAF9800A4AF0008000000200901000028
:10AFA40034AC000881110008E311000861120008A4
:10AFB400140000200805002000000000000000002C
:10AFC400000000000000000000000000000000007D
:10AFD400000000000000000000000000000000006D
:10AFE400000000000000000000000000000000005D
:10AFF400000000000000000000000000000000004D
:10B00400000000000000000000000000000000003C
:10B01400000000000000000000000000000000002C
:10B02400000000000000000000000000000000001C
:10B03400000000000000000000000000000000000C
:10B0440000000000000000000000000000000000FC
:10B0540000000000000000000000000000000000EC
:10B0640000000000000000000000000000000000DC
:10B0740000000000000000000000000000000000CC
:10B0840000000000000000000000000000000000BC
:10B0940000000000000000000000000000000000AC
:10B0A400000000000000000000000000000000009C
:10B0B400000000000000000000000000000000008C
:10B0C400000000000000000000000000000000007C
:10B0D400000000000000000000000000000000006C
:10B0E400000000000000000000000000000000005C
:10B0F400000000000000000000000000000000004C
:10B10400000000000000000000000000000000003B
:10B11400000000000000000000000000000000002B
:10B12400000000000000000000000000000000001B
:10B13400000000000000000000000000000000000B
:10B1440000000000000000000000000000000000FB
:10B1540000000000000000000000000000000000EB
:10B1640000000000000000000000000000000000DB
:10B1740000000000000000000000000000000000CB
:10B1840000000000000000000000000000000000BB
:10B1940000000000000000000000000000000000AB
:10B1A400000000000000000000000000000000009B
:10B1B400000000000000000000000000000000008B
:10B1C400000000000000000000000020AAAAAAAAB3
:10B1D40090AC000800000000000000000000000027
:10B1E400000000000000000000000000000000005B
:10B1F400000000000000000000000000000000004B
:10B20400000000000000000000000000000000003A
:10B21400000000000000000000000000000000002A
:10B22400000000000000000000000000000000001A
:10B23400000000000000000000000000000000000A
:10B2440000000000000000000000000000000000FA
:10B2540000000000000000000000000000000000EA
:10B2640000000000000000000000000000000000DA
:10B2740000000000000000000000000000000000CA
:10B2840000000000000000000000000000000000BA
:10B2940000000000000000000000000000000000AA
:10B2A400000000000000000000000000000000009A
:10B2B400000000000000000000000000000000008A
:10B2C400000000000000000000000000000000007A
:10B2D400000000000000000000000000000000006A
:10B2E400000000000000000000000000000000005A
:10B2F400000000000000000000000000000000004A
:10B304000000000000000000000000000000000039
:10B314000000000000000000000000000000000029
:10B324000000000000000000000000000000000019
:10B334000000000000000000000000000000000009
:10B3440000000000000000000000000000000000F9
:10B35400000000000024F4001000000001000000C0
:10B364000000000003000000EC350120D0030020A1
:10B3740000000000EC35012054360120BC360120C9
:10B3840000000000000000000000000000000000B9
:10B3940000000000000000000000000000000000A9
:10B3A4000000000000000000000000000000000099
:10B3B400000000000000000000000000F10100088F
:04B3C400C9010008B3
:04000005080056FD9C
:00000001FF
